"file","date","display_name","url","identity","canonical"
"2019-04-15-2019-15.md","2019-04-15","Colin Fay","https://twitter.com/_colinfay","twitter:_colinfay","Colin Fay"
"2019-05-27-2019-21.md","2019-05-27","Eric Nantz","https://r-podcast.org","host:r-podcast.org","Eric Nantz"
"2019-06-03-2019-22.md","2019-06-03","Ryo Nakagawara","https://twitter.com/R_by_Ryo","twitter:r_by_ryo","Ryo Nakagawara"
"2019-07-15-2019-28.md","2019-07-15","Jonathan Carroll","https://twitter.com/carroll_jono","twitter:carroll_jono","Jonathan Carroll"
"2019-07-29-2019-30.md","2019-07-29","Eric Nantz","https://twitter.com/thercast","twitter:thercast","Eric Nantz"
"2019-08-05-2019-31.md","2019-08-05","Ryo Nakagawara","https://twitter.com/R_by_Ryo","twitter:r_by_ryo","Ryo Nakagawara"
"2019-08-19-2019-33.md","2019-08-19","Colin Fay","https://twitter.com/_colinfay","twitter:_colinfay","Colin Fay"
"2019-09-16-2019-37.md","2019-09-16","Jonathan Carroll","https://twitter.com/carroll_jono","twitter:carroll_jono","Jonathan Carroll"
"2019-09-30-2019-39.md","2019-09-30","Eric Nantz","https://twitter.com/thercast","twitter:thercast","Eric Nantz"
"2019-10-07-2019-40.md","2019-10-07","Ryo Nakagawara","https://twitter.com/R_by_Ryo","twitter:r_by_ryo","Ryo Nakagawara"
"2019-10-21-2019-42.md","2019-10-21","Colin Fay","https://twitter.com/_ColinFay","twitter:_colinfay","Colin Fay"
"2019-11-11-2019-45.md","2019-11-11","Jon Calder","https://twitter.com/jonmcalder","twitter:jonmcalder","Jon Calder"
"2019-11-18-2019-46.md","2019-11-18","Jonathan Carroll","https://twitter.com/carroll_jono","twitter:carroll_jono","Jonathan Carroll"
"2019-11-25-2019-47.md","2019-11-25","Maëlle Salmon","https://twitter.com/ma_salmon","twitter:ma_salmon","Maëlle Salmon"
"2019-12-02-2019-48.md","2019-12-02","Eric Nantz","https://twitter.com/theRcast","twitter:thercast","Eric Nantz"
"2019-12-09-2019-49.md","2019-12-09","Ryo Nakagawara","https://twitter.com/R_by_Ryo","twitter:r_by_ryo","Ryo Nakagawara"
"2020-01-13-2020-02.md","2020-01-13","Maëlle Salmon","https://twitter.com/ma_salmon","twitter:ma_salmon","Maëlle Salmon"
"2020-01-20-2020-03.md","2020-01-20","Jon Calder","https://twitter.com/jonmcalder","twitter:jonmcalder","Jon Calder"
"2020-01-27-2020-04.md","2020-01-27","Jonathan Carroll","https://twitter.com/carroll_jono","twitter:carroll_jono","Jonathan Carroll"
"2020-02-03-2020-05.md","2020-02-03","Eric Nantz","https://twitter.com/theRcast","twitter:thercast","Eric Nantz"
"2020-02-10-2020-06.md","2020-02-10","Ryo Nakagawara","https://twitter.com/R_by_Ryo","twitter:r_by_ryo","Ryo Nakagawara"
"2020-03-16-2020-11.md","2020-03-16","Maëlle Salmon","https://twitter.com/ma_salmon","twitter:ma_salmon","Maëlle Salmon"
"2020-03-23-2020-12.md","2020-03-23","Jon Calder","https://twitter.com/jonmcalder","twitter:jonmcalder","Jon Calder"
"2020-03-30-2020-13.md","2020-03-30","Jonathan Carroll","https://twitter.com/carroll_jono","twitter:carroll_jono","Jonathan Carroll"
"2020-04-06-2020-14.md","2020-04-06","Eric Nantz","https://twitter.com/thercast","twitter:thercast","Eric Nantz"
"2020-04-13-2020-15.md","2020-04-13","Ryo Nakagawara","https://twitter.com/R_by_Ryo","twitter:r_by_ryo","Ryo Nakagawara"
"2020-04-20-2020-16.md","2020-04-20","Miles McBain","https://twitter.com/milesmcbain","twitter:milesmcbain","Miles McBain"
"2020-04-27-2020-17.md","2020-04-27","Tony ElHabr","https://twitter.com/TonyElHabr","twitter:tonyelhabr","Tony ElHabr"
"2020-05-04-2020-18.md","2020-05-04","Robert Hickman","https://twitter.com/robwhickman","twitter:robwhickman","Robert Hickman"
"2020-05-11-2020-19.md","2020-05-11","Colin Fay","https://twitter.com/_colinfay","twitter:_colinfay","Colin Fay"
"2020-05-18-2020-20.md","2020-05-18","Maëlle Salmon","https://twitter.com/ma_salmon","twitter:ma_salmon","Maëlle Salmon"
"2020-05-25-2020-21.md","2020-05-25","Jon Calder","https://twitter.com/jonmcalder","twitter:jonmcalder","Jon Calder"
"2020-06-01-2020-22.md","2020-06-01","Jonathan Carroll","https://twitter.com/carroll_jono","twitter:carroll_jono","Jonathan Carroll"
"2020-06-08-2020-23.md","2020-06-08","Eric Nantz","https://twitter.com/theRcast","twitter:thercast","Eric Nantz"
"2020-06-15-2020-24.md","2020-06-15","Ryo Nakagawara","https://twitter.com/R_by_Ryo","twitter:r_by_ryo","Ryo Nakagawara"
"2020-06-22-2020-25.md","2020-06-22","Miles McBain","https://twitter.com/milesmcbain","twitter:milesmcbain","Miles McBain"
"2020-06-28-2020-26.md","2020-06-28","Tony ElHabr","https://twitter.com/TonyElHabr","twitter:tonyelhabr","Tony ElHabr"
"2020-07-06-2020-27.md","2020-07-06","Robert Hickman","https://twitter.com/robwhickman?lang=en","twitter:robwhickman","Robert Hickman"
"2020-07-13-2020-28.md","2020-07-13","Colin Fay","https://twitter.com/_ColinFay","twitter:_colinfay","Colin Fay"
"2020-07-20-2020-29.md","2020-07-20","Jon Calder","https://twitter.com/jonmcalder","twitter:jonmcalder","Jon Calder"
"2020-07-27-2020-30.md","2020-07-27","Maëlle Salmon","https://twitter.com/ma_salmon","twitter:ma_salmon","Maëlle Salmon"
"2020-08-03-2020-31.md","2020-08-03","Jonathan Carroll","https://twitter.com/carroll_jono","twitter:carroll_jono","Jonathan Carroll"
"2020-08-10-2020-32.md","2020-08-10","Eric Nantz","https://twitter.com/thercast","twitter:thercast","Eric Nantz"
"2020-08-17-2020-33.md","2020-08-17","Ryo Nakagawara","https://twitter.com/R_by_Ryo","twitter:r_by_ryo","Ryo Nakagawara"
"2020-08-24-2020-34.md","2020-08-24","Miles McBain","https://twitter.com/milesmcbain","twitter:milesmcbain","Miles McBain"
"2020-08-30-2020-35.md","2020-08-30","Tony ElHabr","https://twitter.com/TonyElHabr","twitter:tonyelhabr","Tony ElHabr"
"2020-09-07-2020-36.md","2020-09-07","Robert Hickman","https://twitter.com/robwhickman","twitter:robwhickman","Robert Hickman"
"2020-09-07-2020-37.md","2020-09-07","Colin Fay","https://twitter.com/_ColinFay","twitter:_colinfay","Colin Fay"
"2020-09-21-2020-38.md","2020-09-21","Jon Calder","https://twitter.com/jonmcalder","twitter:jonmcalder","Jon Calder"
"2020-09-28-2020-39.md","2020-09-28","Maëlle Salmon","https://twitter.com/ma_salmon","twitter:ma_salmon","Maëlle Salmon"
"2020-10-05-2020-40.md","2020-10-05","Jonathan Carroll","https://twitter.com/carroll_jono","twitter:carroll_jono","Jonathan Carroll"
"2020-10-12-2020-41.md","2020-10-12","Eric Nantz","https://twitter.com/theRcast","twitter:thercast","Eric Nantz"
"2020-10-19-2020-42.md","2020-10-19","Ryo Nakagawara","https://twitter.com/R_by_Ryo","twitter:r_by_ryo","Ryo Nakagawara"
"2020-10-26-2020-43.md","2020-10-26","Miles McBain","https://twitter.com/milesmcbain","twitter:milesmcbain","Miles McBain"
"2020-11-01-2020-44.md","2020-11-01","Tony ElHabr","https://twitter.com/TonyElHabr","twitter:tonyelhabr","Tony ElHabr"
"2020-11-09-2020-45.md","2020-11-09","Robert Hickman","https://twitter.com/robwhickman","twitter:robwhickman","Robert Hickman"
"2020-11-16-2020-46.md","2020-11-16","Colin Fay","https://twitter.com/_ColinFay","twitter:_colinfay","Colin Fay"
"2020-11-23-2020-47.md","2020-11-23","Jon Calder","https://twitter.com/jonmcalder","twitter:jonmcalder","Jon Calder"
"2020-11-30-2020-48.md","2020-11-30","Maëlle Salmon","https://twitter.com/ma_salmon","twitter:ma_salmon","Maëlle Salmon"
"2020-12-07-2020-49.md","2020-12-07","Jonathan Carroll","https://twitter.com/carroll_jono","twitter:carroll_jono","Jonathan Carroll"
"2020-12-14-2020-50.md","2020-12-14","Eric Nantz","https://twitter.com/theRcast","twitter:thercast","Eric Nantz"
"2020-12-21-2020-51.md","2020-12-21","Ryo Nakagawara","https://twitter.com/R_by_Ryo","twitter:r_by_ryo","Ryo Nakagawara"
"2020-12-28-2020-52.md","2020-12-28","Wolfram King",NA,"name:wolfram king","Wolfram Qin"
"2021-01-04-2021-W01.md","2021-01-04","Wolfram King",NA,"name:wolfram king","Wolfram Qin"
"2021-01-11-2021-W02.md","2021-01-11","Batool Almarzouq",NA,"name:batool almarzouq","Batool Almarzouq"
"2021-01-18-2021-W03.md","2021-01-18","Wolfram King",NA,"name:wolfram king","Wolfram Qin"
"2021-01-25-2021-W04.md","2021-01-25","Colin Fay","https://colinfay.me/","host:colinfay.me","Colin Fay"
"2021-02-01-2021-W05.md","2021-02-01","Jon Calder","https://twitter.com/jonmcalder","twitter:jonmcalder","Jon Calder"
"2021-02-08-2021-W06.md","2021-02-08","Tony ElHabr","https://twitter.com/TonyElHabr","twitter:tonyelhabr","Tony ElHabr"
"2021-02-15-2021-W07.md","2021-02-15","Jonathan Carroll","https://twitter.com/carroll_jono","twitter:carroll_jono","Jonathan Carroll"
"2021-02-22-2021-W08.md","2021-02-22","Eric Nantz","https://twitter.com/thercast","twitter:thercast","Eric Nantz"
"2021-03-01-2021-W09.md","2021-03-01","Ryo Nakagawara","https://twitter.com/R_by_Ryo","twitter:r_by_ryo","Ryo Nakagawara"
"2021-03-08-2021-W10.md","2021-03-08","Kelly Bodwin","www.twitter.com/KellyBodwin","twitter:kellybodwin","Kelly Bodwin"
"2021-03-15-2021-W11.md","2021-03-15","Robert Hickman","https://twitter.com/robwhickman","twitter:robwhickman","Robert Hickman"
"2021-03-22-2021-W12.md","2021-03-22","Miles McBain","https://twitter.com/milesmcbain","twitter:milesmcbain","Miles McBain"
"2021-03-29-2021-W13.md","2021-03-29","Tony ElHabr","https://twitter.com/TonyElHabr","twitter:tonyelhabr","Tony ElHabr"
"2021-04-05-2021-W14.md","2021-04-05","Robert Hickman","https://twitter.com/robwhickman?lang=en","twitter:robwhickman","Robert Hickman"
"2021-04-12-2021-W15.md","2021-04-12","Colin Fay","https://colinfay.me","host:colinfay.me","Colin Fay"
"2021-04-19-2021-W16.md","2021-04-19","Jon Calder","https://twitter.com/jonmcalder","twitter:jonmcalder","Jon Calder"
"2021-04-26-2021-W17.md","2021-04-26","Batool Almarzouq","https://github.com/BatoolMM","github:batoolmm","Batool Almarzouq"
"2021-05-03-2021-W18.md","2021-05-03","Jonathan Carroll","https://twitter.com/carroll_jono","twitter:carroll_jono","Jonathan Carroll"
"2021-05-10-2021-W19.md","2021-05-10","Eric Nantz","https://twitter.com/thercast","twitter:thercast","Eric Nantz"
"2021-05-17-2021-W20.md","2021-05-17","Ryo Nakagawara","https://twitter.com/R_by_Ryo","twitter:r_by_ryo","Ryo Nakagawara"
"2021-05-24-2021-W21.md","2021-05-24","Kelly Bodwin","www.twitter.com/kellybodwin","twitter:kellybodwin","Kelly Bodwin"
"2021-05-31-2021-W22.md","2021-05-31","Wolfram Qin",NA,"name:wolfram qin","Wolfram Qin"
"2021-06-07-2021-W23.md","2021-06-07","Miles McBain","https://milesmcbain.com","host:milesmcbain.com","Miles McBain"
"2021-06-07-2021-W24.md","2021-06-07","Tony ElHabr","https://twitter.com/TonyElHabr","twitter:tonyelhabr","Tony ElHabr"
"2021-06-21-2021-W25.md","2021-06-21","Robert Hickman","https://twitter.com/robwhickman","twitter:robwhickman","Robert Hickman"
"2021-06-28-2021-W26.md","2021-06-28","Colin Fay","https://colinfay.me","host:colinfay.me","Colin Fay"
"2021-07-05-2021-W27.md","2021-07-05","Jon Calder","https://twitter.com/jonmcalder","twitter:jonmcalder","Jon Calder"
"2021-07-05-2021-W28.md","2021-07-05","Batool Almarzouq","https://github.com/BatoolMM","github:batoolmm","Batool Almarzouq"
"2021-07-20-2021-W29.md","2021-07-20","Jonathan Carroll","https://twitter.com/carroll_jono","twitter:carroll_jono","Jonathan Carroll"
"2021-07-27-2021-W30.md","2021-07-27","Eric Nantz","https://twitter.com/thercast","twitter:thercast","Eric Nantz"
"2021-08-09-2021-W32.md","2021-08-09","Ryo Nakagawara","https://twitter.com/R_by_Ryo","twitter:r_by_ryo","Ryo Nakagawara"
"2021-08-16-2021-W33.md","2021-08-16","Wolfram Qin",NA,"name:wolfram qin","Wolfram Qin"
"2021-08-23-2021-W34.md","2021-08-23","Miles McBain","https://milesmcbain.com","host:milesmcbain.com","Miles McBain"
"2021-08-23-2021-W35.md","2021-08-23","Tony ElHabr","https://twitter.com/TonyElHabr","twitter:tonyelhabr","Tony ElHabr"
"2021-09-06-2021-W36.md","2021-09-06","Wolfram Qin",NA,"name:wolfram qin","Wolfram Qin"
"2021-09-13-2021-W37.md","2021-09-13","Colin Fay","https://colinfay.me","host:colinfay.me","Colin Fay"
"2021-09-20-2021-W38.md","2021-09-20","Jon Calder","https://twitter.com/jonmcalder","twitter:jonmcalder","Jon Calder"
"2021-09-27-2021-W39.md","2021-09-27","Batool Almarzouq","https://github.com/BatoolMM","github:batoolmm","Batool Almarzouq"
"2021-10-04-2021-W40.md","2021-10-04","Jonathan Carroll","https://twitter.com/carroll_jono","twitter:carroll_jono","Jonathan Carroll"
"2021-10-11-2021-W41.md","2021-10-11","Eric Nantz","https://twitter.com/thercast","twitter:thercast","Eric Nantz"
"2021-10-18-2021-W42.md","2021-10-18","Ryo Nakagawara","https://twitter.com/R_by_Ryo","twitter:r_by_ryo","Ryo Nakagawara"
"2021-10-25-2021-W43.md","2021-10-25","Kelly Bodwin","https://twitter.com/KellyBodwin","twitter:kellybodwin","Kelly Bodwin"
"2021-11-01-2021-W44.md","2021-11-01","Wolfram Qin",NA,"name:wolfram qin","Wolfram Qin"
"2021-11-08-2021-W45.md","2021-11-08","Miles McBain","https://milesmcbain.com","host:milesmcbain.com","Miles McBain"
"2021-11-15-2021-W46.md","2021-11-15","Tony ElHabr","https://twitter.com/TonyElHabr","twitter:tonyelhabr","Tony ElHabr"
"2021-11-25-2021-W47.md","2021-11-25","Wolfram Qin",NA,"name:wolfram qin","Wolfram Qin"
"2021-11-29-2021-W48.md","2021-11-29","Colin Fay","https://colinfay.me/","host:colinfay.me","Colin Fay"
"2021-12-08-2021-W49.md","2021-12-08","Jon Calder","https://twitter.com/jonmcalder","twitter:jonmcalder","Jon Calder"
"2021-12-08-2021-W50.md","2021-12-08","Batool Almarzouq","https://github.com/BatoolMM","github:batoolmm","Batool Almarzouq"
"2022-03-28-2022-W13.md","2022-03-28","Ryo","https://github.com/Ryo-N7","github:ryo-n7","Ryo Nakagawara"
"2022-03-28-2022-W13.md","2022-03-28","Batool","https://github.com/BatoolMM","github:batoolmm","Batool Almarzouq"
"2022-04-04-2022-W14.md","2022-04-04","Ryo Nakagawara","https://twitter.com/R_by_Ryo","twitter:r_by_ryo","Ryo Nakagawara"
"2022-04-11-2022-W15.md","2022-04-11","Jon Calder","https://twitter.com/jonmcalder","twitter:jonmcalder","Jon Calder"
"2022-04-17-2022-W16.md","2022-04-17","Tony Elhabr","https://twitter.com/TonyElHabr","twitter:tonyelhabr","Tony ElHabr"
"2022-04-25-2022-W17.md","2022-04-25","Jonathan Carroll","https://twitter.com/carroll_jono","twitter:carroll_jono","Jonathan Carroll"
"2022-05-02-2022-W18.md","2022-05-02","Eric Nantz","https://twitter.com/thercast","twitter:thercast","Eric Nantz"
"2022-05-09-2022-W19.md","2022-05-09","Colin Fay","https://colinfay.me/","host:colinfay.me","Colin Fay"
"2022-05-16-2022-W20.md","2022-05-16","Kelly Bodwin","www.kelly-bodwin.com","host:kelly-bodwin.com","Kelly Bodwin"
"2022-05-23-2022-W21.md","2022-05-23","Eric Nantz","https://r-podcast.org","host:r-podcast.org","Eric Nantz"
"2022-05-31-2022-W22.md","2022-05-31","Batool Almarzouq","https://github.com/BatoolMM","github:batoolmm","Batool Almarzouq"
"2022-06-06-2022-W23.md","2022-06-06","Sam Parmar","https://github.com/parmsam","github:parmsam","Sam Parmar"
"2022-06-13-2022-W24.md","2022-06-13","Batool Almarzouq","https://github.com/BatoolMM","github:batoolmm","Batool Almarzouq"
"2022-06-20-2022-W25.md","2022-06-20","Colin","https://colinfay.me","host:colinfay.me","Colin Fay"
"2022-06-27-2022-W26.md","2022-06-27","Jon Calder","https://twitter.com/jonmcalder","twitter:jonmcalder","Jon Calder"
"2022-07-04-2022-W27.md","2022-07-04","Tony ElHabr","@TonyElHabr","host:@tonyelhabr","Tony ElHabr"
"2022-07-10-2022-W28.md","2022-07-10","Jonathan Carroll","https://twitter.com/carroll_jono","twitter:carroll_jono","Jonathan Carroll"
"2022-07-18-2022-W29.md","2022-07-18","Batool Almarzouq","https://github.com/BatoolMM","github:batoolmm","Batool Almarzouq"
"2022-07-25-2022-W30.md","2022-07-25","Ryo Nakagawara","https://twitter.com/R_by_Ryo","twitter:r_by_ryo","Ryo Nakagawara"
"2022-08-01-2022-W31.md","2022-08-01","Kelly Bodwin","www.twitter.com/KellyBodwin","twitter:kellybodwin","Kelly Bodwin"
"2022-08-08-2022-W32.md","2022-08-08","Batool Almarzouq","https://github.com/BatoolMM","github:batoolmm","Batool Almarzouq"
"2022-08-15-2022-W33.md","2022-08-15","Ryo Nakagawara","https://twitter.com/R_by_Ryo","twitter:r_by_ryo","Ryo Nakagawara"
"2022-08-22-2022-W34.md","2022-08-22","Sam Parmar","https://www.github.com/parmsam","github:parmsam","Sam Parmar"
"2022-08-29-2022-W35.md","2022-08-29","Batool Almarzouq","https://batool-almarzouq.netlify.app/","host:batool-almarzouq.netlify.app","Batool Almarzouq"
"2022-09-05-2022-W36.md","2022-09-05","Miles McBain","https://twitter.com/MilesMcBain","twitter:milesmcbain","Miles McBain"
"2022-09-12-2022-W37.md","2022-09-12","Jon Calder","https://twitter.com/jonmcalder","twitter:jonmcalder","Jon Calder"
"2022-09-19-2022-W38.md","2022-09-19","Tony ElHabr","https://twitter.com/TonyElHabr","twitter:tonyelhabr","Tony ElHabr"
"2022-09-26-2022-W39.md","2022-09-26","Jonathan Carroll","https://twitter.com/carroll_jono","twitter:carroll_jono","Jonathan Carroll"
"2022-10-03-2022-W40.md","2022-10-03","Eric Nantz","https://shinydevseries.com","host:shinydevseries.com","Eric Nantz"
"2022-10-10-2022-W41.md","2022-10-10","Colin Fay","https://twitter.com/_ColinFay","twitter:_colinfay","Colin Fay"
"2022-10-17-2022-W42.md","2022-10-17","Kelly Bodwin","twitter.com/KellyBodwin","twitter:kellybodwin","Kelly Bodwin"
"2022-10-31-2022-W44.md","2022-10-31","Sam Parmar","https://www.github.com/parmsam","github:parmsam","Sam Parmar"
"2022-11-07-2022-W45.md","2022-11-07","Batool Almarzouq","https://batool-almarzouq.netlify.app/","host:batool-almarzouq.netlify.app","Batool Almarzouq"
"2022-11-14-2022-W46.md","2022-11-14","Ryo Nakagawara","https://twitter.com/R_by_Ryo","twitter:r_by_ryo","Ryo Nakagawara"
"2022-11-21-2022-W47.md","2022-11-21","Jon Calder","https://twitter.com/jonmcalder","twitter:jonmcalder","Jon Calder"
"2022-11-28-2022-W48.md","2022-11-28","Tony ElHabr","https://twitter.com/TonyElHabr","twitter:tonyelhabr","Tony ElHabr"
"2022-12-05-2022-W49.md","2022-12-05","Jonathan Carroll","https://fosstodon.org/@jonocarroll","masto:jonocarroll","Jonathan Carroll"
"2022-12-12-2022-W50.md","2022-12-12","Eric Nantz","https://podcastindex.social/@rpodcast","masto:rpodcast","Eric Nantz"
"2022-12-19-2022-W51.md","2022-12-19","Colin Fay","https://colinfay.me/","host:colinfay.me","Colin Fay"
"2023-01-02-2023-W01.md","2023-01-02","Kelly Bodwin","https://mastodon.cloud/@kellybodwin","masto:kellybodwin","Kelly Bodwin"
"2023-01-09-2023-W02.md","2023-01-09","Sam Parmar","www.github.com/parmsam","github:parmsam","Sam Parmar"
"2023-01-16-2023-W03.md","2023-01-16","Batool Almarzouq","https://batool-almarzouq.netlify.app/","host:batool-almarzouq.netlify.app","Batool Almarzouq"
"2023-01-23-2023-W04.md","2023-01-23","Ryo Nakagawara","https://twitter.com/R_by_Ryo","twitter:r_by_ryo","Ryo Nakagawara"
"2023-01-30-2023-W05.md","2023-01-30","Jon Calder","https://twitter.com/jonmcalder","twitter:jonmcalder","Jon Calder"
"2023-02-06-2023-W06.md","2023-02-06","Tony ElHabr","https://twitter.com/TonyElHabr","twitter:tonyelhabr","Tony ElHabr"
"2023-02-13-2023-W07.md","2023-02-13","Jonathan Carroll","https://fosstodon.org/@jonocarroll","masto:jonocarroll","Jonathan Carroll"
"2023-02-20-2023-W08.md","2023-02-20","Eric Nantz","https://podcastindex.social/@rpodcast","masto:rpodcast","Eric Nantz"
"2023-02-27-2023-W09.md","2023-02-27","Colin Fay","https://colinfay.me","host:colinfay.me","Colin Fay"
"2023-03-06-2023-W10.md","2023-03-06","Kelly Bodwin","https://www.twitter.com/KellyBodwin","twitter:kellybodwin","Kelly Bodwin"
"2023-03-06-2023-W10.md","2023-03-06","Emily Robinson","https://www.twitter.com/emilyrobinson_a","twitter:emilyrobinson_a","Emily Robinson"
"2023-03-13-2023-W11.md","2023-03-13","Sam Parmar","https://github.com/parmsam","github:parmsam","Sam Parmar"
"2023-03-21-2023-W12.md","2023-03-21","Batool Almarzouq","https://twitter.com/batool664","twitter:batool664","Batool Almarzouq"
"2023-03-27-2023-W13.md","2023-03-27","Ryo Nakagawara","https://twitter.com/R_by_Ryo","twitter:r_by_ryo","Ryo Nakagawara"
"2023-04-03-2023-W14.md","2023-04-03","Jon Calder","https://twitter.com/jonmcalder","twitter:jonmcalder","Jon Calder"
"2023-04-10-2023-W15.md","2023-04-10","Tony ElHabr","https://twitter.com/TonyElHabr","twitter:tonyelhabr","Tony ElHabr"
"2023-04-17-2023-W16.md","2023-04-17","Jonathan Carroll","https://fosstodon.org/@jonocarroll","masto:jonocarroll","Jonathan Carroll"
"2023-04-24-2023-W17.md","2023-04-24","Eric Nantz","https://podcastindex.social/@rpodcast","masto:rpodcast","Eric Nantz"
"2023-05-02-2023-W18.md","2023-05-02","Colin Fay","https://colinfay.me/","host:colinfay.me","Colin Fay"
"2023-05-15-2023-W20.md","2023-05-15","Sam Parmar","https://github.com/parmsam","github:parmsam","Sam Parmar"
"2023-05-22-2023-W21.md","2023-05-22","Batool Almarzouq","https://github.com/BatoolMM","github:batoolmm","Batool Almarzouq"
"2023-05-29-2023-W22.md","2023-05-29","Ryo Nakagawara","https://twitter.com/R_by_Ryo","twitter:r_by_ryo","Ryo Nakagawara"
"2023-06-05-2023-W23.md","2023-06-05","Jon Calder","https://twitter.com/jonmcalder","twitter:jonmcalder","Jon Calder"
"2023-06-11-2023-W24.md","2023-06-11","Tony ElHabr","https://twitter.com/TonyElHabr","twitter:tonyelhabr","Tony ElHabr"
"2023-06-19-2023-W25.md","2023-06-19","Jonathan Carroll","https://fosstodon.org/@jonocarroll","masto:jonocarroll","Jonathan Carroll"
"2023-06-26-2023-W26.md","2023-06-26","Colin Fay","https://twitter.com/_ColinFay","twitter:_colinfay","Colin Fay"
"2023-07-03-2023-W27.md","2023-07-03","Sam Parmar","https://github.com/parmsam","github:parmsam","Sam Parmar"
"2023-07-17-2023-W29.md","2023-07-17","Eric Nantz","https://shinydevseries.com","host:shinydevseries.com","Eric Nantz"
"2023-07-24-2023-W30.md","2023-07-24","Batool Almarzouq","https://batool-almarzouq.netlify.app/","host:batool-almarzouq.netlify.app","Batool Almarzouq"
"2023-07-30-2023-W31.md","2023-07-30","Tony ElHabr","https://tonyelhabr.rbind.io/","host:tonyelhabr.rbind.io","Tony ElHabr"
"2023-08-07-2023-W32.md","2023-08-07","Jon Calder","https://twitter.com/jonmcalder","twitter:jonmcalder","Jon Calder"
"2023-08-14-2023-W33.md","2023-08-14","Ryo Nakagawara","https://twitter.com/R_by_Ryo","twitter:r_by_ryo","Ryo Nakagawara"
"2023-08-21-2023-W34.md","2023-08-21","Jonathan Carroll","https://fosstodon.org/@jonocarroll","masto:jonocarroll","Jonathan Carroll"
"2023-08-28-2023-W35.md","2023-08-28","Eric Nantz","https://podcastindex.social/@rpodcast","masto:rpodcast","Eric Nantz"
"2023-09-04-2023-W36.md","2023-09-04","Colin Fay","https://colinfay.me","host:colinfay.me","Colin Fay"
"2023-09-11-2023-W37.md","2023-09-11","Jonathan Carroll","https://fosstodon.org/@jonocarroll","masto:jonocarroll","Jonathan Carroll"
"2023-09-18-2023-W38.md","2023-09-18","Sam Parmar","https://github.com/parmsam","github:parmsam","Sam Parmar"
"2023-09-25-2023-W39.md","2023-09-25","Batool Almarzouq","https://batool-almarzouq.netlify.app/","host:batool-almarzouq.netlify.app","Batool Almarzouq"
"2023-10-02-2023-W40.md","2023-10-02","Ryo Nakagawara","https://twitter.com/R_by_Ryo","twitter:r_by_ryo","Ryo Nakagawara"
"2023-10-09-2023-W41.md","2023-10-09","Jon Calder","https://joncalder.co.za/","host:joncalder.co.za","Jon Calder"
"2023-10-16-2023-W42.md","2023-10-16","Tony ElHabr","https://twitter.com/TonyElHabr","twitter:tonyelhabr","Tony ElHabr"
"2023-10-23-2023-W43.md","2023-10-23","Jonathan Carroll","https://fosstodon.org/@jonocarroll","masto:jonocarroll","Jonathan Carroll"
"2023-10-30-2023-W44.md","2023-10-30","Eric Nantz","https://podcastindex.social/@rpodcast","masto:rpodcast","Eric Nantz"
"2023-11-06-2023-W45.md","2023-11-06","Colin Fay","https://colinfay.me","host:colinfay.me","Colin Fay"
"2023-11-20-2023-W47.md","2023-11-20","Sam Parmar","https://github.com/parmsam","github:parmsam","Sam Parmar"
"2023-11-27-2023-W48.md","2023-11-27","Tony ElHabr","https://twitter.com/TonyElHabr","twitter:tonyelhabr","Tony ElHabr"
"2023-12-04-2023-W49.md","2023-12-04","Batool Almarzouq","https://batool-almarzouq.netlify.app","host:batool-almarzouq.netlify.app","Batool Almarzouq"
"2023-12-11-2023-W50.md","2023-12-11","Jon Calder","https://joncalder.co.za","host:joncalder.co.za","Jon Calder"
"2023-12-18-2023-W51.md","2023-12-18","Ryo Nakagawara","https://twitter.com/R_by_Ryo","twitter:r_by_ryo","Ryo Nakagawara"
"2024-01-08-2024-W02.md","2024-01-08","Eric Nantz","https://podcastindex.social/@rpodcast","masto:rpodcast","Eric Nantz"
"2024-01-15-2024-W03.md","2024-01-15","Colin Fay","https://colinfay.me/","host:colinfay.me","Colin Fay"
"2024-01-22-2024-W04.md","2024-01-22","Sam Parmar","https://github.com/parmsam","github:parmsam","Sam Parmar"
"2024-01-29-2024-W05.md","2024-01-29","Batool Almarzouq","https://batool-almarzouq.netlify.app/","host:batool-almarzouq.netlify.app","Batool Almarzouq"
"2024-02-05-2024-W06.md","2024-02-05","Ryo Nakagawara","https://mstdn.social/@R_by_Ryo","masto:r_by_ryo","Ryo Nakagawara"
"2024-02-12-2024-W07.md","2024-02-12","Jon Calder","https://joncalder.co.za/","host:joncalder.co.za","Jon Calder"
"2024-02-18-2024-W08.md","2024-02-18","Tony ElHabr","https://tonyelhabr.rbind.io/","host:tonyelhabr.rbind.io","Tony ElHabr"
"2024-02-26-2024-W09.md","2024-02-26","Jonathan Carroll","https://fosstodon.org/@jonocarroll","masto:jonocarroll","Jonathan Carroll"
"2024-03-04-2024-W10.md","2024-03-04","Eric Nantz","https://podcastindex.social/@rpodcast","masto:rpodcast","Eric Nantz"
"2024-03-11-2024-W11.md","2024-03-11","Colin Fay","https://colinfay.me","host:colinfay.me","Colin Fay"
"2024-03-18-2024-W12.md","2024-03-18","Sam Parmar","https://github.com/parmsam","github:parmsam","Sam Parmar"
"2024-03-25-2024-W13.md","2024-03-25","Batool Almarzouq","https://batool-almarzouq.netlify.app/","host:batool-almarzouq.netlify.app","Batool Almarzouq"
"2024-04-01-2024-W14.md","2024-04-01","Ryo Nakagawara","https://mstdn.social/@R_by_Ryo","masto:r_by_ryo","Ryo Nakagawara"
"2024-04-08-2024-W15.md","2024-04-08","Jon Calder","https://joncalder.co.za/","host:joncalder.co.za","Jon Calder"
"2024-04-15-2024-W16.md","2024-04-15","Tony ElHabr","https://tonyelhabr.rbind.io/","host:tonyelhabr.rbind.io","Tony ElHabr"
"2024-04-22-2024-W17.md","2024-04-22","Jonathan Carroll","https://fosstodon.org/@jonocarroll","masto:jonocarroll","Jonathan Carroll"
"2024-04-29-2024-W18.md","2024-04-29","Eric Nantz","https://podcastindex.social/@rpodcast","masto:rpodcast","Eric Nantz"
"2024-05-07-2024-W19.md","2024-05-07","Colin Fay","https://colinfay.me","host:colinfay.me","Colin Fay"
"2024-05-13-2024-W20.md","2024-05-13","Sam Parmar","https://www.github.com/parmsam","github:parmsam","Sam Parmar"
"2024-05-21-2024-W21.md","2024-05-21","Batool Almarzouq","https://batool-almarzouq.netlify.app/","host:batool-almarzouq.netlify.app","Batool Almarzouq"
"2024-05-27-2024-W22.md","2024-05-27","Jonathan Carroll","https://fosstodon.org/@jonocarroll","masto:jonocarroll","Jonathan Carroll"
"2024-06-03-2024-W23.md","2024-06-03","Jon Calder","https://fosstodon.org/@jonmcalder","masto:jonmcalder","Jon Calder"
"2024-06-10-2024-W24.md","2024-06-10","Tony ElHabr","https://tonyelhabr.rbind.io/","host:tonyelhabr.rbind.io","Tony ElHabr"
"2024-06-17-2024-W25.md","2024-06-17","Ryo Nakagawara","https://mstdn.social/@R_by_Ryo","masto:r_by_ryo","Ryo Nakagawara"
"2024-06-24-2024-W26.md","2024-06-24","Eric Nantz","https://podcastindex.social/@rpodcast","masto:rpodcast","Eric Nantz"
"2024-07-01-2024-W27.md","2024-07-01","Colin","https://colinfay.me","host:colinfay.me","Colin Fay"
"2024-07-08-2024-W28.md","2024-07-08","Sam Parmar","https://www.github.com/parmsam","github:parmsam","Sam Parmar"
"2024-07-15-2024-W29.md","2024-07-15","Batool Almarzouq","https://batool-almarzouq.netlify.app/","host:batool-almarzouq.netlify.app","Batool Almarzouq"
"2024-07-22-2024-W30.md","2024-07-22","Ryo Nakagawara","https://mstdn.social/@R_by_Ryo","masto:r_by_ryo","Ryo Nakagawara"
"2024-07-29-2024-W31.md","2024-07-29","Jon Calder","https://fosstodon.org/@jonmcalder","masto:jonmcalder","Jon Calder"
"2024-08-05-2024-W32.md","2024-08-05","Jon Calder","https://fosstodon.org/@jonmcalder","masto:jonmcalder","Jon Calder"
"2024-08-12-2024-W33.md","2024-08-12","Jonathan Carroll","https://fosstodon.org/@jonocarroll","masto:jonocarroll","Jonathan Carroll"
"2024-08-19-2024-W34.md","2024-08-19","Eric Nantz","https://podcastindex.social/@rpodcast","masto:rpodcast","Eric Nantz"
"2024-08-26-2024-W35.md","2024-08-26","Colin Fay","https://colinfay.me","host:colinfay.me","Colin Fay"
"2024-09-02-2024-W36.md","2024-09-02","Sam Parmar","https://github.com/parmsam","github:parmsam","Sam Parmar"
"2024-09-10-2024-W37.md","2024-09-10","Batool Almarzouq","https://batool-almarzouq.netlify.app/","host:batool-almarzouq.netlify.app","Batool Almarzouq"
"2024-09-16-2024-W38.md","2024-09-16","Ryo Nakagawara","https://mstdn.social/@R_by_Ryo","masto:r_by_ryo","Ryo Nakagawara"
"2024-09-23-2024-W39.md","2024-09-23","Tony ElHabr","https://tonyelhabr.rbind.io/","host:tonyelhabr.rbind.io","Tony ElHabr"
"2024-09-29-2024-W40.md","2024-09-29","Tony ElHabr","https://tonyelhabr.rbind.io/","host:tonyelhabr.rbind.io","Tony ElHabr"
"2024-10-07-2024-W41.md","2024-10-07","Colin Fay","https://colinfay.me","host:colinfay.me","Colin Fay"
"2024-10-14-2024-W42.md","2024-10-14","Eric Nantz","https://podcastindex.social/@rpodcast","masto:rpodcast","Eric Nantz"
"2024-10-21-2024-W43.md","2024-10-21","Jonathan Carroll","https://fosstodon.org/@jonocarroll","masto:jonocarroll","Jonathan Carroll"
"2024-10-28-2024-W44.md","2024-10-28","Sam Parmar","https://github.com/parmsam","github:parmsam","Sam Parmar"
"2024-11-05-2024-W45.md","2024-11-05","Batool Almarzouq","https://batool-almarzouq.netlify.app/","host:batool-almarzouq.netlify.app","Batool Almarzouq"
"2024-11-12-2024-W46.md","2024-11-12","Ryo Nakagawara","https://bsky.app/profile/rbyryo.bsky.social","bsky:rbyryo","Ryo Nakagawara"
"2024-11-18-2024-W47.md","2024-11-18","Jon Calder","https://fosstodon.org/@jonmcalder","masto:jonmcalder","Jon Calder"
"2024-11-25-2024-W48.md","2024-11-25","Tony ElHabr","https://tonyelhabr.rbind.io/","host:tonyelhabr.rbind.io","Tony ElHabr"
"2024-12-02-2024-W49.md","2024-12-02","Jonathan Carroll","https://fosstodon.org/@jonocarroll","masto:jonocarroll","Jonathan Carroll"
"2024-12-09-2024-W50.md","2024-12-09","Eric Nantz","https://podcastindex.social/@rpodcast","masto:rpodcast","Eric Nantz"
"2024-12-16-2024-W51.md","2024-12-16","Colin Fay","https://colinfay.me","host:colinfay.me","Colin Fay"
"2024-12-23-2024-W52.md","2024-12-23","Sam Parmar","https://github.com/parmsam","github:parmsam","Sam Parmar"
"2025-01-13-2025-W03.md","2025-01-13","Batool Almarzouq","https://batool-almarzouq.netlify.app/","host:batool-almarzouq.netlify.app","Batool Almarzouq"
"2025-01-21-2025-W04.md","2025-01-21","Ryo Nakagawara","https://bsky.app/profile/rbyryo.bsky.social","bsky:rbyryo","Ryo Nakagawara"
"2025-01-28-2025-W05.md","2025-01-28","Jon Calder","https://fosstodon.org/@jonmcalder","masto:jonmcalder","Jon Calder"
"2025-02-03-2025-W06.md","2025-02-03","Jonathan Kitt","https://bsky.app/profile/jonathankitt.bsky.social","bsky:jonathankitt","Jonathan Kitt"
"2025-02-10-2025-W07.md","2025-02-10","Jonathan Carroll","https://fosstodon.org/@jonocarroll","masto:jonocarroll","Jonathan Carroll"
"2025-02-16-2025-W08.md","2025-02-16","Eric Nantz","https://bsky.app/profile/rpodcast.bsky.social","bsky:rpodcast","Eric Nantz"
"2025-02-24-2025-W09.md","2025-02-24","Colin Fay","https://colinfay.me/","host:colinfay.me","Colin Fay"
"2025-03-03-2025-W10.md","2025-03-03","Sam Parmar","https://github.com/parmsam","github:parmsam","Sam Parmar"
"2025-03-10-2025-W11.md","2025-03-10","Batool Almaarzouq","https://batool-almarzouq.netlify.app/","host:batool-almarzouq.netlify.app","Batool Almarzouq"
"2025-03-17-2025-W12.md","2025-03-17","Ryo Nakagawara","https://bsky.app/profile/rbyryo.bsky.social","bsky:rbyryo","Ryo Nakagawara"
"2025-03-31-2025-W14.md","2025-03-31","Jon Calder","https://fosstodon.org/@jonmcalder","masto:jonmcalder","Jon Calder"
"2025-04-07-2025-W15.md","2025-04-07","Jonathan Carroll","https://fosstodon.org/@jonocarroll","masto:jonocarroll","Jonathan Carroll"
"2025-04-14-2025-W16.md","2025-04-14","Eric Nantz","https://podcastindex.social/@rpodcast","masto:rpodcast","Eric Nantz"
"2025-04-21-2025-W17.md","2025-04-21","Colin Fay","https://colinfay.me","host:colinfay.me","Colin Fay"
"2025-04-28-2025-W18.md","2025-04-28","Sam Parmar","https://github.com/parmsam","github:parmsam","Sam Parmar"
"2025-05-06-2025-W19.md","2025-05-06","Batool Almarzouq","https://batool-almarzouq.netlify.app/","host:batool-almarzouq.netlify.app","Batool Almarzouq"
"2025-05-12-2025-W20.md","2025-05-12","Ryo Nakagawara","https://bsky.app/profile/rbyryo.bsky.social","bsky:rbyryo","Ryo Nakagawara"
"2025-05-19-2025-W21.md","2025-05-19","Jon Calder","https://fosstodon.org/@jonmcalder","masto:jonmcalder","Jon Calder"
"2025-05-27-2025-W22.md","2025-05-27","Jonathan Kitt","https://bsky.app/profile/jonathankitt.bsky.social","bsky:jonathankitt","Jonathan Kitt"
"2025-06-02-2025-W23.md","2025-06-02","Jonathan Carroll","https://fosstodon.org/@jonocarroll","masto:jonocarroll","Jonathan Carroll"
"2025-06-09-2025-W24.md","2025-06-09","Eric Nantz","https://podcastindex.social/@rpodcast","masto:rpodcast","Eric Nantz"
"2025-06-16-2025-W25.md","2025-06-16","Colin Fay","https://colinfay.me","host:colinfay.me","Colin Fay"
"2025-06-23-2025-W26.md","2025-06-23","Sam Parmar","https://www.github.com/parmsam","github:parmsam","Sam Parmar"
"2025-06-30-2025-W27.md","2025-06-30","Batool Almarzouq","https://batool-almarzouq.netlify.app/","host:batool-almarzouq.netlify.app","Batool Almarzouq"
"2025-07-07-2025-W28.md","2025-07-07","Ryo Nakagawara","https://bsky.app/profile/rbyryo.bsky.social","bsky:rbyryo","Ryo Nakagawara"
"2025-07-21-2025-W30.md","2025-07-21","Jon Calder","https://bsky.app/profile/jonmcalder.bsky.social","bsky:jonmcalder","Jon Calder"
"2025-07-28-2025-W31.md","2025-07-28","Jonathan Carroll","https://fosstodon.org/@jonocarroll","masto:jonocarroll","Jonathan Carroll"
"2025-08-04-2025-W32.md","2025-08-04","Eric Nantz","https://bsky.app/profile/rpodcast.bsky.social","bsky:rpodcast","Eric Nantz"
"2025-08-11-2025-W33.md","2025-08-11","Sam Parmar","https://github.com/parmsam","github:parmsam","Sam Parmar"
"2025-08-18-2025-W34.md","2025-08-18","Colin Fay","https://colinfay.me","host:colinfay.me","Colin Fay"
"2025-08-26-2025-W35.md","2025-08-26","Batool Almarzouq","https://batool-almarzouq.netlify.app/","host:batool-almarzouq.netlify.app","Batool Almarzouq"
"2025-09-02-2025-W36.md","2025-09-02","Ryo Nakagawara","https://bsky.app/profile/rbyryo.bsky.social","bsky:rbyryo","Ryo Nakagawara"
"2025-09-09-2025-W37.md","2025-09-09","Jon Calder","https://bsky.app/profile/jonmcalder.bsky.social","bsky:jonmcalder","Jon Calder"
"2025-09-15-2025-W38.md","2025-09-15","Jonathan Kitt","https://bsky.app/profile/jonathankitt.bsky.social","bsky:jonathankitt","Jonathan Kitt"
"2025-09-22-2025-W39.md","2025-09-22","Jonathan Carroll","https://fosstodon.org/@jonocarroll","masto:jonocarroll","Jonathan Carroll"
"2025-09-29-2025-W40.md","2025-09-29","Eric Nantz","https://bsky.app/profile/rpodcast.bsky.social","bsky:rpodcast","Eric Nantz"
"2025-10-06-2025-W41.md","2025-10-06","Colin Fay","https://colinfay.me","host:colinfay.me","Colin Fay"
"2025-10-13-2025-W42.md","2025-10-13","Sam Parmar","https://github.com/parmsam","github:parmsam","Sam Parmar"
"2025-10-27-2025-W44.md","2025-10-27","Ryo Nakagawara","https://bsky.app/profile/rbyryo.bsky.social","bsky:rbyryo","Ryo Nakagawara"
"2025-10-27-2025-W44.md","2025-10-27","Batool Almarzouq","https://batool-almarzouq.netlify.app/","host:batool-almarzouq.netlify.app","Batool Almarzouq"
"2025-11-04-2025-W45.md","2025-11-04","Jon Calder","https://bsky.app/profile/jonmcalder.bsky.social","bsky:jonmcalder","Jon Calder"
"2025-11-10-2025-W46.md","2025-11-10","Jonathan Kitt","https://bsky.app/profile/jonathankitt.bsky.social","bsky:jonathankitt","Jonathan Kitt"
"2025-11-17-2025-W47.md","2025-11-17","Jonathan Carroll","https://fosstodon.org/@jonocarroll","masto:jonocarroll","Jonathan Carroll"
"2025-11-24-2025-W48.md","2025-11-24","Eric Nantz","https://bsky.app/profile/rpodcast.bsky.social","bsky:rpodcast","Eric Nantz"
"2025-12-01-2025-W49.md","2025-12-01","Colin Fay","https://colinfay.me","host:colinfay.me","Colin Fay"
"2025-12-08-2025-W50.md","2025-12-08","Sam Parmar","https://github.com/parmsam","github:parmsam","Sam Parmar"
"2025-12-15-2025-W51.md","2025-12-15","Batool Almarzouq","https://batool-almarzouq.netlify.app/","host:batool-almarzouq.netlify.app","Batool Almarzouq"
"2025-12-22-2025-W52.md","2025-12-22","Ryo Nakagawara","https://bsky.app/profile/rbyryo.bsky.social","bsky:rbyryo","Ryo Nakagawara"
"2026-01-12-2026-W03.md","2026-01-12","Eric Nantz","https://bsky.app/profile/rpodcast.bsky.social","bsky:rpodcast","Eric Nantz"
"2026-01-20-2026-W04.md","2026-01-20","Jon Calder","https://bsky.app/profile/jonmcalder.bsky.social","bsky:jonmcalder","Jon Calder"
"2026-01-26-2026-W05.md","2026-01-26","Jonathan Kitt","https://bsky.app/profile/jonathankitt.bsky.social","bsky:jonathankitt","Jonathan Kitt"
"2026-02-02-2026-W06.md","2026-02-02","Jonathan Carroll","https://fosstodon.org/@jonocarroll","masto:jonocarroll","Jonathan Carroll"
"2026-02-09-2026-W07.md","2026-02-09","Eric Nantz","https://bsky.app/profile/rpodcast.bsky.social","bsky:rpodcast","Eric Nantz"
"2026-02-16-2026-W08.md","2026-02-16","Batool Almarzouq","https://www.epcc.ed.ac.uk/about-us/our-team/dr-batool-almarzouq","host:epcc.ed.ac.uk","Batool Almarzouq"
"2026-02-23-2026-W09.md","2026-02-23","Sam Parmar","https://github.com/parmsam","github:parmsam","Sam Parmar"
"2026-03-02-2026-W10.md","2026-03-02","Ryo Nakagawara","https://bsky.app/profile/rbyryo.bsky.social","bsky:rbyryo","Ryo Nakagawara"
"2026-03-09-2026-W11.md","2026-03-09","Colin Fay","https://colinfay.me/","host:colinfay.me","Colin Fay"
"2026-03-16-2026-W12.md","2026-03-16","Jon Calder","https://bsky.app/profile/jonmcalder.bsky.social","bsky:jonmcalder","Jon Calder"
"2026-03-23-2026-W13.md","2026-03-23","Jonathan Kitt","https://bsky.app/profile/jonathankitt.bsky.social","bsky:jonathankitt","Jonathan Kitt"
"2026-03-30-2026-W14.md","2026-03-30","Jonathan Carroll","https://fosstodon.org/@jonocarroll","masto:jonocarroll","Jonathan Carroll"
"2026-04-06-2026-W15.md","2026-04-06","Colin Fay","https://colinfay.me","host:colinfay.me","Colin Fay"
"2026-04-13-2026-W16.md","2026-04-13","Batool Almarzouq","https://batool-almarzouq.netlify.app/","host:batool-almarzouq.netlify.app","Batool Almarzouq"
"2026-04-27-2026-W18.md","2026-04-27","Jonathan Kitt","https://bsky.app/profile/jonathankitt.bsky.social","bsky:jonathankitt","Jonathan Kitt"
"2026-05-04-2026-W19.md","2026-05-04","Eric Nantz","https://bsky.app/profile/rpodcast.bsky.social","bsky:rpodcast","Eric Nantz"
"2026-05-11-2026-W20.md","2026-05-11","Jon Calder","https://bsky.app/profile/jonmcalder.bsky.social","bsky:jonmcalder","Jon Calder"
"2026-05-25-2026-W22.md","2026-05-25","Jonathan Carroll","https://fosstodon.org/@jonocarroll","masto:jonocarroll","Jonathan Carroll"
"2026-06-01-2026-W23.md","2026-06-01","Jonathan Kitt","https://www.linkedin.com/in/jonathan-kitt/","host:linkedin.com","Jonathan Kitt"
"2026-06-08-2026-W24.md","2026-06-08","Batool Almarzouq","https://batool-almarzouq.netlify.app/","host:batool-almarzouq.netlify.app","Batool Almarzouq"
"2026-06-15-2026-W25.md","2026-06-15","Sam Parmar","https://github.com/parmsam","github:parmsam","Sam Parmar"
"2026-06-22-2026-W26.md","2026-06-22","Eric Nantz","https://bsky.app/profile/rpodcast.bsky.social","bsky:rpodcast","Eric Nantz"
"2026-06-29-2026-W27.md","2026-06-29","Jonathan Carroll","https://fosstodon.org/@jonocarroll","masto:jonocarroll","Jonathan Carroll"
"2026-07-06-2026-W28.md","2026-07-06","Jon Calder","https://bsky.app/profile/jonmcalder.bsky.social","bsky:jonmcalder","Jon Calder"
"2026-07-20-2026-W30.md","2026-07-20","Eric Nantz","https://bsky.app/profile/rpodcast.bsky.social","bsky:rpodcast","Eric Nantz"
"2026-07-27-2026-W31.md","2026-07-27","Colin","https://colinfay.me","host:colinfay.me","Colin Fay"
"2026-08-03-2026-W32.md","2026-08-03","Batool Almarzouq","https://batool-almarzouq.netlify.app/","host:batool-almarzouq.netlify.app","Batool Almarzouq"
"2026-08-10-2026-W33.md","2026-08-10","Sam Parmar","https://github.com/parmsam","github:parmsam","Sam Parmar"
"2026-08-24-2026-W35.md","2026-08-24","Eric Nantz","https://podcastindex.social/@rpodcast","masto:rpodcast","Eric Nantz"
