"pr_number","author","merged_at","year","author_association","repo_first_time"
2,"sahirbhatnagar","2016-06-05",2016,"CONTRIBUTOR",TRUE
3,"jonocarroll","2016-06-05",2016,"MEMBER",TRUE
6,"jonocarroll","2016-06-08",2016,"MEMBER",FALSE
7,"abresler","2016-06-11",2016,"CONTRIBUTOR",TRUE
8,"ledell","2016-07-01",2016,"CONTRIBUTOR",TRUE
9,"thirdwing","2016-07-01",2016,"CONTRIBUTOR",TRUE
10,"daattali","2016-07-01",2016,"CONTRIBUTOR",TRUE
11,"osofr","2016-07-01",2016,"CONTRIBUTOR",TRUE
12,"osofr","2016-07-01",2016,"CONTRIBUTOR",FALSE
14,"kbroman","2016-07-02",2016,"CONTRIBUTOR",TRUE
15,"HenrikBengtsson","2016-07-03",2016,"CONTRIBUTOR",TRUE
16,"r-suzuki","2016-07-04",2016,"CONTRIBUTOR",TRUE
17,"mrustl","2016-07-07",2016,"CONTRIBUTOR",TRUE
18,"mrustl","2016-07-07",2016,"CONTRIBUTOR",FALSE
19,"goknurginer","2016-07-07",2016,"CONTRIBUTOR",TRUE
20,"eddelbuettel","2016-07-25",2016,"CONTRIBUTOR",TRUE
21,"rajshah4","2016-08-04",2016,"CONTRIBUTOR",TRUE
22,"ColinFay","2016-08-04",2016,"MEMBER",TRUE
23,"ColinFay","2016-08-10",2016,"MEMBER",FALSE
24,"ColinFay","2016-08-17",2016,"MEMBER",FALSE
25,"ColinFay","2016-08-25",2016,"MEMBER",FALSE
26,"eddelbuettel","2016-09-05",2016,"CONTRIBUTOR",FALSE
27,"mstrimas","2016-09-13",2016,"CONTRIBUTOR",TRUE
29,"abresler","2016-09-28",2016,"CONTRIBUTOR",FALSE
30,"dselivanov","2016-10-08",2016,"CONTRIBUTOR",TRUE
31,"seasmith","2016-10-08",2016,"CONTRIBUTOR",TRUE
32,"mstrimas","2016-10-22",2016,"CONTRIBUTOR",FALSE
33,"jimhester","2016-10-25",2016,"CONTRIBUTOR",TRUE
35,"ColinFay","2016-11-05",2016,"MEMBER",FALSE
36,"seasmith","2016-11-14",2016,"CONTRIBUTOR",FALSE
37,"eddelbuettel","2016-11-14",2016,"CONTRIBUTOR",FALSE
38,"ColinFay","2016-11-15",2016,"MEMBER",FALSE
39,"ColinFay","2016-11-17",2016,"MEMBER",FALSE
40,"ColinFay","2016-11-22",2016,"MEMBER",FALSE
41,"ColinFay","2016-11-25",2016,"MEMBER",FALSE
42,"tbs08","2016-11-27",2016,"NONE",TRUE
44,"ColinFay","2016-11-28",2016,"MEMBER",FALSE
45,"ColinFay","2016-11-30",2016,"MEMBER",FALSE
46,"ColinFay","2016-12-01",2016,"MEMBER",FALSE
47,"ColinFay","2016-12-02",2016,"MEMBER",FALSE
48,"ColinFay","2016-12-08",2016,"MEMBER",FALSE
49,"tbs08","2016-12-18",2016,"NONE",FALSE
50,"tbs08","2016-12-18",2016,"NONE",FALSE
51,"kwstat","2016-12-19",2016,"CONTRIBUTOR",TRUE
52,"kwstat","2016-12-19",2016,"CONTRIBUTOR",FALSE
53,"andreykh1985","2016-12-20",2016,"CONTRIBUTOR",TRUE
55,"tbs08","2016-12-26",2016,"NONE",FALSE
54,"tbs08","2016-12-26",2016,"NONE",FALSE
56,"tbs08","2017-01-07",2017,"NONE",FALSE
57,"tbs08","2017-01-08",2017,"NONE",FALSE
59,"eddelbuettel","2017-01-08",2017,"CONTRIBUTOR",FALSE
58,"tbs08","2017-01-08",2017,"NONE",FALSE
60,"jonmcalder","2017-01-11",2017,"MEMBER",TRUE
61,"jonmcalder","2017-01-12",2017,"MEMBER",FALSE
62,"hturner","2017-01-14",2017,"CONTRIBUTOR",TRUE
64,"tbs08","2017-01-15",2017,"NONE",FALSE
63,"tbs08","2017-01-15",2017,"NONE",FALSE
65,"ghost","2017-01-17",2017,"NONE",TRUE
67,"tbs08","2017-01-19",2017,"NONE",FALSE
68,"tbs08","2017-01-21",2017,"NONE",FALSE
69,"tbs08","2017-01-26",2017,"NONE",FALSE
70,"jonmcalder","2017-01-27",2017,"MEMBER",FALSE
71,"rpodcast","2017-01-29",2017,"MEMBER",TRUE
72,"rpodcast","2017-01-31",2017,"MEMBER",FALSE
73,"rpodcast","2017-02-02",2017,"MEMBER",FALSE
74,"nacnudus","2017-02-03",2017,"CONTRIBUTOR",TRUE
75,"abresler","2017-02-03",2017,"CONTRIBUTOR",FALSE
76,"rpodcast","2017-02-04",2017,"MEMBER",FALSE
77,"eddelbuettel","2017-02-06",2017,"CONTRIBUTOR",FALSE
78,"rpodcast","2017-02-08",2017,"MEMBER",FALSE
80,"tbs08","2017-02-11",2017,"NONE",FALSE
82,"eddelbuettel","2017-02-19",2017,"CONTRIBUTOR",FALSE
83,"HenrikBengtsson","2017-02-20",2017,"CONTRIBUTOR",FALSE
84,"jonmcalder","2017-02-20",2017,"MEMBER",FALSE
85,"GuangchuangYu","2017-02-22",2017,"CONTRIBUTOR",TRUE
86,"tbs08","2017-02-26",2017,"NONE",FALSE
88,"ewenme","2017-03-02",2017,"NONE",TRUE
89,"hturner","2017-03-12",2017,"CONTRIBUTOR",FALSE
90,"mhoehle","2017-03-15",2017,"CONTRIBUTOR",TRUE
91,"HenrikBengtsson","2017-03-19",2017,"CONTRIBUTOR",FALSE
92,"rpodcast","2017-03-26",2017,"MEMBER",FALSE
93,"jonmcalder","2017-03-29",2017,"MEMBER",FALSE
94,"rpodcast","2017-03-30",2017,"MEMBER",FALSE
95,"jonmcalder","2017-04-05",2017,"MEMBER",FALSE
96,"jonmcalder","2017-04-09",2017,"MEMBER",FALSE
97,"seasmith","2017-04-13",2017,"CONTRIBUTOR",FALSE
98,"jonmcalder","2017-04-18",2017,"MEMBER",FALSE
99,"jonmcalder","2017-04-20",2017,"MEMBER",FALSE
100,"jonmcalder","2017-04-20",2017,"MEMBER",FALSE
101,"qinwf","2017-04-21",2017,"MEMBER",TRUE
102,"1danjordan","2017-04-23",2017,"CONTRIBUTOR",TRUE
103,"irudnyts","2017-04-26",2017,"CONTRIBUTOR",TRUE
104,"sahirbhatnagar","2017-05-04",2017,"CONTRIBUTOR",FALSE
105,"HenrikBengtsson","2017-05-28",2017,"CONTRIBUTOR",FALSE
106,"HenrikBengtsson","2017-06-04",2017,"CONTRIBUTOR",FALSE
107,"dfalbel","2017-06-18",2017,"CONTRIBUTOR",TRUE
108,"seasmith","2017-07-22",2017,"CONTRIBUTOR",FALSE
109,"eddelbuettel","2017-08-01",2017,"CONTRIBUTOR",FALSE
110,"seasmith","2017-08-07",2017,"CONTRIBUTOR",FALSE
111,"seasmith","2017-09-20",2017,"CONTRIBUTOR",FALSE
112,"uribo","2017-10-07",2017,"CONTRIBUTOR",TRUE
114,"RaoOfPhysics","2017-11-17",2017,"CONTRIBUTOR",TRUE
115,"maelle","2017-11-19",2017,"CONTRIBUTOR",TRUE
118,"maelle","2017-11-21",2017,"CONTRIBUTOR",FALSE
119,"maelle","2017-11-22",2017,"CONTRIBUTOR",FALSE
120,"maelle","2017-11-23",2017,"CONTRIBUTOR",FALSE
121,"maelle","2017-11-23",2017,"CONTRIBUTOR",FALSE
122,"maelle","2017-11-23",2017,"CONTRIBUTOR",FALSE
123,"maelle","2017-11-24",2017,"CONTRIBUTOR",FALSE
124,"maelle","2017-11-26",2017,"CONTRIBUTOR",FALSE
125,"maelle","2017-11-27",2017,"CONTRIBUTOR",FALSE
126,"maelle","2017-11-28",2017,"CONTRIBUTOR",FALSE
127,"maelle","2017-11-29",2017,"CONTRIBUTOR",FALSE
128,"maelle","2017-12-01",2017,"CONTRIBUTOR",FALSE
129,"echasnovski","2017-12-05",2017,"CONTRIBUTOR",TRUE
130,"AmeliaMN","2017-12-05",2017,"CONTRIBUTOR",TRUE
131,"wjakethompson","2017-12-07",2017,"CONTRIBUTOR",TRUE
133,"olgamie","2017-12-08",2017,"CONTRIBUTOR",TRUE
134,"tomroh","2017-12-11",2017,"CONTRIBUTOR",TRUE
135,"kwstat","2017-12-13",2017,"CONTRIBUTOR",FALSE
137,"jrosen48","2017-12-18",2017,"CONTRIBUTOR",TRUE
136,"seasmith","2017-12-18",2017,"CONTRIBUTOR",FALSE
138,"tomroh","2017-12-22",2017,"CONTRIBUTOR",FALSE
139,"jonocarroll","2017-12-24",2017,"MEMBER",FALSE
140,"chucheria","2017-12-25",2017,"CONTRIBUTOR",TRUE
141,"echasnovski","2017-12-27",2017,"CONTRIBUTOR",FALSE
142,"Bakaniko","2017-12-27",2017,"CONTRIBUTOR",TRUE
146,"rayms","2018-01-15",2018,"CONTRIBUTOR",TRUE
145,"tomroh","2018-01-15",2018,"CONTRIBUTOR",FALSE
143,"qinwf","2018-01-15",2018,"MEMBER",FALSE
147,"HenrikBengtsson","2018-01-16",2018,"CONTRIBUTOR",FALSE
149,"taraskaduk","2018-01-17",2018,"CONTRIBUTOR",TRUE
148,"Ryo-N7","2018-01-17",2018,"MEMBER",TRUE
152,"mcdussault","2018-01-17",2018,"CONTRIBUTOR",TRUE
151,"mcdussault","2018-01-17",2018,"CONTRIBUTOR",FALSE
153,"mcdussault","2018-01-19",2018,"CONTRIBUTOR",FALSE
154,"mcdussault","2018-01-22",2018,"CONTRIBUTOR",FALSE
155,"HenrikBengtsson","2018-01-22",2018,"CONTRIBUTOR",FALSE
157,"katiejolly","2018-01-23",2018,"CONTRIBUTOR",TRUE
158,"mcdussault","2018-01-23",2018,"CONTRIBUTOR",FALSE
159,"aosmith16","2018-01-23",2018,"CONTRIBUTOR",TRUE
161,"suzanbaert","2018-01-23",2018,"CONTRIBUTOR",TRUE
160,"rentrop","2018-01-24",2018,"CONTRIBUTOR",TRUE
162,"deanmarchiori","2018-01-24",2018,"CONTRIBUTOR",TRUE
163,"deanmarchiori","2018-01-24",2018,"CONTRIBUTOR",FALSE
164,"laderast","2018-01-24",2018,"CONTRIBUTOR",TRUE
165,"apreshill","2018-01-24",2018,"CONTRIBUTOR",TRUE
166,"mcdussault","2018-01-25",2018,"CONTRIBUTOR",FALSE
167,"rmflight","2018-01-25",2018,"CONTRIBUTOR",TRUE
168,"gergness","2018-01-25",2018,"CONTRIBUTOR",TRUE
169,"taylor-arnold","2018-01-25",2018,"NONE",TRUE
170,"Nowosad","2018-01-26",2018,"CONTRIBUTOR",TRUE
171,"malcolmbarrett","2018-01-28",2018,"CONTRIBUTOR",TRUE
173,"mcdussault","2018-01-30",2018,"CONTRIBUTOR",FALSE
174,"mcdussault","2018-01-30",2018,"CONTRIBUTOR",FALSE
175,"jshannon75","2018-01-30",2018,"CONTRIBUTOR",TRUE
177,"lgellis","2018-01-30",2018,"CONTRIBUTOR",TRUE
176,"JosiahParry","2018-01-30",2018,"CONTRIBUTOR",TRUE
178,"coatless","2018-01-31",2018,"CONTRIBUTOR",TRUE
180,"deanmarchiori","2018-01-31",2018,"CONTRIBUTOR",FALSE
182,"aosmith16","2018-02-02",2018,"CONTRIBUTOR",FALSE
181,"jminnier","2018-02-02",2018,"CONTRIBUTOR",TRUE
186,"mailund","2018-02-02",2018,"CONTRIBUTOR",TRUE
184,"lhehnke","2018-02-02",2018,"NONE",TRUE
185,"mailund","2018-02-02",2018,"CONTRIBUTOR",FALSE
183,"HenrikBengtsson","2018-02-02",2018,"CONTRIBUTOR",FALSE
187,"mkearney","2018-02-02",2018,"CONTRIBUTOR",TRUE
189,"mkearney","2018-02-04",2018,"CONTRIBUTOR",FALSE
188,"gregrs-uk","2018-02-05",2018,"CONTRIBUTOR",TRUE
190,"mcdussault","2018-02-05",2018,"CONTRIBUTOR",FALSE
193,"lhehnke","2018-02-06",2018,"NONE",FALSE
194,"mailund","2018-02-06",2018,"CONTRIBUTOR",FALSE
192,"katiejolly","2018-02-08",2018,"CONTRIBUTOR",FALSE
195,"jeanpaulrsoucy","2018-02-08",2018,"CONTRIBUTOR",TRUE
196,"thoughtfulbloke","2018-02-09",2018,"CONTRIBUTOR",TRUE
197,"RobertMyles","2018-02-09",2018,"CONTRIBUTOR",TRUE
200,"czeildi","2018-02-12",2018,"CONTRIBUTOR",TRUE
199,"HenrikBengtsson","2018-02-12",2018,"CONTRIBUTOR",FALSE
198,"ijlyttle","2018-02-12",2018,"CONTRIBUTOR",TRUE
202,"dshkol","2018-02-13",2018,"CONTRIBUTOR",TRUE
201,"mkmiecik14","2018-02-13",2018,"CONTRIBUTOR",TRUE
203,"mcdussault","2018-02-13",2018,"CONTRIBUTOR",FALSE
204,"suzanbaert","2018-02-13",2018,"CONTRIBUTOR",FALSE
205,"suzanbaert","2018-02-13",2018,"CONTRIBUTOR",FALSE
206,"suzanbaert","2018-02-13",2018,"CONTRIBUTOR",FALSE
209,"olgamie","2018-02-14",2018,"CONTRIBUTOR",FALSE
210,"rentrop","2018-02-15",2018,"CONTRIBUTOR",FALSE
211,"mcdussault","2018-02-15",2018,"CONTRIBUTOR",FALSE
208,"suzanbaert","2018-02-15",2018,"CONTRIBUTOR",FALSE
207,"HenrikBengtsson","2018-02-15",2018,"CONTRIBUTOR",FALSE
212,"chucheria","2018-02-15",2018,"CONTRIBUTOR",FALSE
213,"jrosen48","2018-02-15",2018,"CONTRIBUTOR",FALSE
214,"daroczig","2018-02-17",2018,"CONTRIBUTOR",TRUE
217,"qinwf","2018-02-19",2018,"MEMBER",FALSE
215,"katiejolly","2018-02-21",2018,"CONTRIBUTOR",FALSE
218,"lgellis","2018-02-21",2018,"CONTRIBUTOR",FALSE
220,"deanmarchiori","2018-02-22",2018,"CONTRIBUTOR",FALSE
222,"mkmiecik14","2018-02-22",2018,"CONTRIBUTOR",FALSE
223,"suzanbaert","2018-02-24",2018,"CONTRIBUTOR",FALSE
219,"suzanbaert","2018-02-24",2018,"CONTRIBUTOR",FALSE
225,"suzanbaert","2018-02-24",2018,"CONTRIBUTOR",FALSE
227,"benmarwick","2018-02-27",2018,"CONTRIBUTOR",TRUE
228,"suzanbaert","2018-02-28",2018,"CONTRIBUTOR",FALSE
229,"qinwf","2018-02-28",2018,"MEMBER",FALSE
230,"mcdussault","2018-02-28",2018,"CONTRIBUTOR",FALSE
231,"mailund","2018-02-28",2018,"CONTRIBUTOR",FALSE
232,"mailund","2018-03-01",2018,"CONTRIBUTOR",FALSE
233,"benmarwick","2018-03-01",2018,"CONTRIBUTOR",FALSE
235,"d4tagirl","2018-03-02",2018,"CONTRIBUTOR",TRUE
234,"mailund","2018-03-03",2018,"CONTRIBUTOR",FALSE
239,"terrytangyuan","2018-03-05",2018,"CONTRIBUTOR",TRUE
238,"terrytangyuan","2018-03-06",2018,"CONTRIBUTOR",FALSE
237,"suzanbaert","2018-03-06",2018,"CONTRIBUTOR",FALSE
236,"d4tagirl","2018-03-06",2018,"CONTRIBUTOR",FALSE
240,"echasnovski","2018-03-06",2018,"CONTRIBUTOR",FALSE
242,"mkearney","2018-03-07",2018,"CONTRIBUTOR",FALSE
243,"lorenzwalthert","2018-03-08",2018,"CONTRIBUTOR",TRUE
244,"tomroh","2018-03-11",2018,"CONTRIBUTOR",FALSE
246,"tomroh","2018-03-15",2018,"CONTRIBUTOR",FALSE
245,"katiejolly","2018-03-15",2018,"CONTRIBUTOR",FALSE
247,"terrytangyuan","2018-03-15",2018,"CONTRIBUTOR",FALSE
249,"Ryo-N7","2018-03-19",2018,"MEMBER",FALSE
248,"mailund","2018-03-21",2018,"CONTRIBUTOR",FALSE
250,"mailund","2018-03-22",2018,"CONTRIBUTOR",FALSE
251,"mkmiecik14","2018-03-23",2018,"CONTRIBUTOR",FALSE
252,"terrytangyuan","2018-03-23",2018,"CONTRIBUTOR",FALSE
253,"mailund","2018-03-28",2018,"CONTRIBUTOR",FALSE
254,"malcolmbarrett","2018-03-29",2018,"CONTRIBUTOR",FALSE
255,"marcusvolz","2018-03-30",2018,"CONTRIBUTOR",TRUE
258,"karawoo","2018-03-31",2018,"CONTRIBUTOR",TRUE
257,"HenrikBengtsson","2018-04-03",2018,"CONTRIBUTOR",FALSE
259,"gadenbuie","2018-04-04",2018,"CONTRIBUTOR",TRUE
260,"Ryo-N7","2018-04-04",2018,"MEMBER",FALSE
261,"daattali","2018-04-04",2018,"CONTRIBUTOR",FALSE
263,"benmarwick","2018-04-05",2018,"CONTRIBUTOR",FALSE
264,"lgellis","2018-04-06",2018,"CONTRIBUTOR",FALSE
265,"PeteHaitch","2018-04-07",2018,"CONTRIBUTOR",TRUE
262,"jwijffels","2018-04-07",2018,"CONTRIBUTOR",TRUE
266,"EllaKaye","2018-04-10",2018,"CONTRIBUTOR",TRUE
267,"datalorax","2018-04-11",2018,"CONTRIBUTOR",TRUE
268,"ctufts","2018-04-11",2018,"CONTRIBUTOR",TRUE
269,"walkerkq","2018-04-12",2018,"CONTRIBUTOR",TRUE
270,"HenrikBengtsson","2018-04-13",2018,"CONTRIBUTOR",FALSE
271,"seabbs","2018-04-14",2018,"CONTRIBUTOR",TRUE
272,"benmarwick","2018-04-14",2018,"CONTRIBUTOR",FALSE
273,"jrosen48","2018-04-16",2018,"CONTRIBUTOR",FALSE
274,"uribo","2018-04-17",2018,"CONTRIBUTOR",FALSE
275,"katiejolly","2018-04-18",2018,"CONTRIBUTOR",FALSE
276,"GuangchuangYu","2018-04-18",2018,"CONTRIBUTOR",FALSE
277,"terrytangyuan","2018-04-19",2018,"CONTRIBUTOR",FALSE
279,"GuangchuangYu","2018-04-24",2018,"CONTRIBUTOR",FALSE
280,"lgellis","2018-04-24",2018,"CONTRIBUTOR",FALSE
281,"gergness","2018-04-26",2018,"CONTRIBUTOR",FALSE
282,"jdblischak","2018-04-27",2018,"CONTRIBUTOR",TRUE
284,"d4tagirl","2018-04-27",2018,"CONTRIBUTOR",FALSE
283,"mailund","2018-04-27",2018,"CONTRIBUTOR",FALSE
286,"franziloew","2018-04-30",2018,"CONTRIBUTOR",TRUE
285,"eokodie","2018-04-30",2018,"CONTRIBUTOR",TRUE
288,"Ryo-N7","2018-05-02",2018,"MEMBER",FALSE
289,"katiejolly","2018-05-02",2018,"CONTRIBUTOR",FALSE
290,"katiejolly","2018-05-03",2018,"CONTRIBUTOR",FALSE
292,"RachaelDempsey","2018-05-08",2018,"CONTRIBUTOR",TRUE
293,"echasnovski","2018-05-12",2018,"CONTRIBUTOR",FALSE
291,"eokodie","2018-05-12",2018,"CONTRIBUTOR",FALSE
296,"katiesegreti","2018-05-15",2018,"CONTRIBUTOR",TRUE
295,"taraskaduk","2018-05-15",2018,"CONTRIBUTOR",FALSE
298,"seabbs","2018-05-17",2018,"CONTRIBUTOR",FALSE
299,"RachaelDempsey","2018-05-19",2018,"CONTRIBUTOR",FALSE
300,"echasnovski","2018-05-19",2018,"CONTRIBUTOR",FALSE
302,"aurielfournier","2018-05-28",2018,"CONTRIBUTOR",TRUE
306,"seasmith","2018-06-01",2018,"CONTRIBUTOR",FALSE
305,"echasnovski","2018-06-01",2018,"CONTRIBUTOR",FALSE
304,"amrrs","2018-06-01",2018,"CONTRIBUTOR",TRUE
303,"RachaelDempsey","2018-06-01",2018,"CONTRIBUTOR",FALSE
307,"katiesegreti","2018-06-01",2018,"CONTRIBUTOR",FALSE
308,"lgellis","2018-06-02",2018,"CONTRIBUTOR",FALSE
310,"tomroh","2018-06-05",2018,"CONTRIBUTOR",FALSE
311,"leeper","2018-06-06",2018,"CONTRIBUTOR",TRUE
312,"Ryo-N7","2018-06-08",2018,"MEMBER",FALSE
314,"privefl","2018-06-13",2018,"CONTRIBUTOR",TRUE
315,"lgellis","2018-06-14",2018,"CONTRIBUTOR",FALSE
316,"echasnovski","2018-06-15",2018,"CONTRIBUTOR",FALSE
313,"mkmiecik14","2018-06-15",2018,"CONTRIBUTOR",FALSE
318,"mhoehle","2018-06-16",2018,"CONTRIBUTOR",FALSE
319,"thibautjombart","2018-06-20",2018,"CONTRIBUTOR",TRUE
320,"RachaelDempsey","2018-06-21",2018,"CONTRIBUTOR",FALSE
321,"eokodie","2018-06-23",2018,"CONTRIBUTOR",FALSE
322,"dirkschumacher","2018-06-23",2018,"CONTRIBUTOR",TRUE
324,"HenrikBengtsson","2018-06-25",2018,"CONTRIBUTOR",FALSE
325,"bfgray3","2018-06-27",2018,"CONTRIBUTOR",TRUE
328,"brucemeng","2018-06-29",2018,"CONTRIBUTOR",TRUE
329,"Ryo-N7","2018-06-29",2018,"MEMBER",FALSE
327,"rstub","2018-06-29",2018,"CONTRIBUTOR",TRUE
330,"katiesegreti","2018-06-30",2018,"CONTRIBUTOR",FALSE
331,"tomroh","2018-07-02",2018,"CONTRIBUTOR",FALSE
332,"uribo","2018-07-02",2018,"CONTRIBUTOR",FALSE
333,"lorenzwalthert","2018-07-02",2018,"CONTRIBUTOR",FALSE
334,"lorenzwalthert","2018-07-02",2018,"CONTRIBUTOR",FALSE
335,"privefl","2018-07-03",2018,"CONTRIBUTOR",FALSE
336,"rstub","2018-07-03",2018,"CONTRIBUTOR",FALSE
337,"mhoehle","2018-07-03",2018,"CONTRIBUTOR",FALSE
341,"rCarto","2018-07-05",2018,"CONTRIBUTOR",TRUE
344,"lorenzwalthert","2018-07-07",2018,"CONTRIBUTOR",FALSE
338,"echasnovski","2018-07-07",2018,"CONTRIBUTOR",FALSE
339,"matt-dray","2018-07-07",2018,"CONTRIBUTOR",TRUE
340,"Ryo-N7","2018-07-07",2018,"MEMBER",FALSE
342,"EconomiCurtis","2018-07-07",2018,"CONTRIBUTOR",TRUE
343,"moldach","2018-07-07",2018,"NONE",TRUE
345,"noamross","2018-07-11",2018,"CONTRIBUTOR",TRUE
346,"rCarto","2018-07-13",2018,"CONTRIBUTOR",FALSE
347,"coatless","2018-07-15",2018,"CONTRIBUTOR",FALSE
348,"privefl","2018-07-16",2018,"CONTRIBUTOR",FALSE
349,"GadesTraining","2018-07-18",2018,"CONTRIBUTOR",TRUE
350,"amrrs","2018-07-19",2018,"CONTRIBUTOR",FALSE
351,"amrrs","2018-07-21",2018,"CONTRIBUTOR",FALSE
352,"HenrikBengtsson","2018-07-21",2018,"CONTRIBUTOR",FALSE
353,"HenrikBengtsson","2018-07-23",2018,"CONTRIBUTOR",FALSE
355,"EdwinTh","2018-07-23",2018,"CONTRIBUTOR",TRUE
357,"brucemeng","2018-07-24",2018,"CONTRIBUTOR",FALSE
356,"Ryo-N7","2018-07-24",2018,"MEMBER",FALSE
354,"HenrikBengtsson","2018-07-25",2018,"CONTRIBUTOR",FALSE
359,"privefl","2018-07-27",2018,"CONTRIBUTOR",FALSE
360,"dshkol","2018-07-28",2018,"CONTRIBUTOR",FALSE
362,"privefl","2018-07-30",2018,"CONTRIBUTOR",FALSE
363,"lgellis","2018-08-02",2018,"CONTRIBUTOR",FALSE
364,"sinarueeger","2018-08-02",2018,"CONTRIBUTOR",TRUE
365,"jrosen48","2018-08-04",2018,"CONTRIBUTOR",FALSE
361,"amrrs","2018-08-04",2018,"CONTRIBUTOR",FALSE
366,"malcolmbarrett","2018-08-05",2018,"CONTRIBUTOR",FALSE
368,"malcolmbarrett","2018-08-10",2018,"CONTRIBUTOR",FALSE
369,"privefl","2018-08-20",2018,"CONTRIBUTOR",FALSE
370,"privefl","2018-08-21",2018,"CONTRIBUTOR",FALSE
371,"HenrikBengtsson","2018-08-26",2018,"CONTRIBUTOR",FALSE
372,"HenrikBengtsson","2018-08-28",2018,"CONTRIBUTOR",FALSE
375,"fmichonneau","2018-09-08",2018,"CONTRIBUTOR",TRUE
374,"lgellis","2018-09-08",2018,"CONTRIBUTOR",FALSE
376,"lgellis","2018-09-10",2018,"CONTRIBUTOR",FALSE
377,"jwijffels","2018-09-20",2018,"CONTRIBUTOR",FALSE
380,"amrrs","2018-09-20",2018,"CONTRIBUTOR",FALSE
381,"amrrs","2018-09-20",2018,"CONTRIBUTOR",FALSE
383,"lgellis","2018-09-25",2018,"CONTRIBUTOR",FALSE
384,"mkmiecik14","2018-09-25",2018,"CONTRIBUTOR",FALSE
387,"moldach","2018-10-12",2018,"NONE",FALSE
391,"sinarueeger","2018-10-15",2018,"CONTRIBUTOR",FALSE
393,"HenrikBengtsson","2018-10-22",2018,"CONTRIBUTOR",FALSE
394,"malcolmbarrett","2018-10-23",2018,"CONTRIBUTOR",FALSE
395,"jwijffels","2018-11-03",2018,"CONTRIBUTOR",FALSE
396,"moldach","2018-11-05",2018,"NONE",FALSE
398,"malcolmbarrett","2018-11-06",2018,"CONTRIBUTOR",FALSE
397,"moldach","2018-11-06",2018,"NONE",FALSE
399,"moldach","2018-11-12",2018,"NONE",FALSE
400,"deanmarchiori","2018-11-15",2018,"CONTRIBUTOR",FALSE
401,"lgellis","2018-11-17",2018,"CONTRIBUTOR",FALSE
402,"brodieG","2018-11-19",2018,"CONTRIBUTOR",TRUE
404,"lorenzwalthert","2018-11-27",2018,"CONTRIBUTOR",FALSE
405,"JosiahParry","2018-12-03",2018,"CONTRIBUTOR",FALSE
406,"Ryo-N7","2018-12-08",2018,"MEMBER",FALSE
407,"lgellis","2018-12-10",2018,"CONTRIBUTOR",FALSE
408,"brodieG","2018-12-15",2018,"CONTRIBUTOR",FALSE
409,"eokodie","2018-12-21",2018,"CONTRIBUTOR",FALSE
410,"eokodie","2019-01-03",2019,"CONTRIBUTOR",FALSE
414,"HenrikBengtsson","2019-01-08",2019,"CONTRIBUTOR",FALSE
413,"uribo","2019-01-09",2019,"CONTRIBUTOR",FALSE
416,"EmilHvitfeldt","2019-01-09",2019,"CONTRIBUTOR",TRUE
415,"EmilHvitfeldt","2019-01-09",2019,"CONTRIBUTOR",FALSE
417,"Ryo-N7","2019-01-11",2019,"MEMBER",FALSE
418,"HenrikBengtsson","2019-01-11",2019,"CONTRIBUTOR",FALSE
419,"cenuno","2019-01-14",2019,"CONTRIBUTOR",TRUE
421,"jwijffels","2019-01-14",2019,"CONTRIBUTOR",FALSE
422,"EmilHvitfeldt","2019-01-16",2019,"CONTRIBUTOR",FALSE
423,"HenrikBengtsson","2019-01-17",2019,"CONTRIBUTOR",FALSE
424,"jaytimm","2019-01-18",2019,"CONTRIBUTOR",TRUE
425,"lgellis","2019-01-21",2019,"CONTRIBUTOR",FALSE
426,"HenrikBengtsson","2019-01-22",2019,"CONTRIBUTOR",FALSE
427,"seabbs","2019-01-23",2019,"CONTRIBUTOR",FALSE
428,"Ryo-N7","2019-01-25",2019,"MEMBER",FALSE
430,"jwijffels","2019-01-29",2019,"CONTRIBUTOR",FALSE
429,"tonyelhabr","2019-01-29",2019,"MEMBER",TRUE
431,"jonmcalder","2019-01-30",2019,"MEMBER",FALSE
432,"jwijffels","2019-01-30",2019,"CONTRIBUTOR",FALSE
433,"moldach","2019-02-01",2019,"NONE",FALSE
434,"Ryo-N7","2019-02-01",2019,"MEMBER",FALSE
435,"mdequeljoe","2019-02-02",2019,"CONTRIBUTOR",TRUE
436,"ijlyttle","2019-02-02",2019,"CONTRIBUTOR",FALSE
437,"jonmcalder","2019-02-03",2019,"MEMBER",FALSE
439,"EmilHvitfeldt","2019-02-05",2019,"CONTRIBUTOR",FALSE
438,"EmilHvitfeldt","2019-02-05",2019,"CONTRIBUTOR",FALSE
440,"seabbs","2019-02-06",2019,"CONTRIBUTOR",FALSE
441,"Ryo-N7","2019-02-07",2019,"MEMBER",FALSE
442,"rCarto","2019-02-09",2019,"CONTRIBUTOR",FALSE
443,"moldach","2019-02-12",2019,"NONE",FALSE
444,"amrrs","2019-02-15",2019,"CONTRIBUTOR",FALSE
445,"Ryo-N7","2019-02-15",2019,"MEMBER",FALSE
446,"Ryo-N7","2019-02-15",2019,"MEMBER",FALSE
447,"lorenzwalthert","2019-02-16",2019,"CONTRIBUTOR",FALSE
448,"warlicks","2019-02-17",2019,"CONTRIBUTOR",TRUE
449,"cenuno","2019-02-19",2019,"CONTRIBUTOR",FALSE
450,"Ryo-N7","2019-02-20",2019,"MEMBER",FALSE
453,"lgellis","2019-02-25",2019,"CONTRIBUTOR",FALSE
454,"RaoOfPhysics","2019-02-26",2019,"CONTRIBUTOR",FALSE
451,"jonmcalder","2019-02-26",2019,"MEMBER",FALSE
452,"smorbieu","2019-02-26",2019,"CONTRIBUTOR",TRUE
456,"amrrs","2019-03-06",2019,"CONTRIBUTOR",FALSE
457,"moldach","2019-03-06",2019,"NONE",FALSE
458,"Ryo-N7","2019-03-07",2019,"MEMBER",FALSE
460,"HenrikBengtsson","2019-03-09",2019,"CONTRIBUTOR",FALSE
455,"Ryo-N7","2019-03-09",2019,"MEMBER",FALSE
465,"mkmiecik14","2019-03-15",2019,"CONTRIBUTOR",FALSE
464,"Ryo-N7","2019-03-15",2019,"MEMBER",FALSE
467,"HenrikBengtsson","2019-03-20",2019,"CONTRIBUTOR",FALSE
466,"cenuno","2019-03-20",2019,"CONTRIBUTOR",FALSE
469,"Ryo-N7","2019-03-20",2019,"MEMBER",FALSE
470,"jwijffels","2019-03-25",2019,"CONTRIBUTOR",FALSE
471,"eokodie","2019-03-25",2019,"CONTRIBUTOR",FALSE
472,"Selbosh","2019-03-27",2019,"CONTRIBUTOR",TRUE
473,"moldach","2019-03-28",2019,"NONE",FALSE
474,"moldach","2019-04-03",2019,"NONE",FALSE
476,"amrrs","2019-04-05",2019,"CONTRIBUTOR",FALSE
475,"rCarto","2019-04-05",2019,"CONTRIBUTOR",FALSE
478,"olgamie","2019-04-11",2019,"CONTRIBUTOR",FALSE
479,"pat-s","2019-04-25",2019,"CONTRIBUTOR",TRUE
480,"pat-s","2019-04-27",2019,"CONTRIBUTOR",FALSE
481,"moldach","2019-04-28",2019,"NONE",FALSE
482,"rCarto","2019-05-01",2019,"CONTRIBUTOR",FALSE
483,"jonmcalder","2019-05-05",2019,"MEMBER",FALSE
486,"HenrikBengtsson","2019-05-09",2019,"CONTRIBUTOR",FALSE
487,"martinctc","2019-05-16",2019,"CONTRIBUTOR",TRUE
488,"mdequeljoe","2019-05-17",2019,"CONTRIBUTOR",FALSE
489,"z3tt","2019-05-18",2019,"CONTRIBUTOR",TRUE
490,"rstub","2019-05-18",2019,"CONTRIBUTOR",FALSE
491,"ghost","2019-05-19",2019,"NONE",FALSE
495,"richfitz","2019-05-21",2019,"NONE",TRUE
494,"malcolmbarrett","2019-05-21",2019,"CONTRIBUTOR",FALSE
493,"RLesur","2019-05-21",2019,"CONTRIBUTOR",TRUE
496,"EmilHvitfeldt","2019-05-22",2019,"CONTRIBUTOR",FALSE
497,"EmilHvitfeldt","2019-05-23",2019,"CONTRIBUTOR",FALSE
498,"seabbs","2019-05-24",2019,"CONTRIBUTOR",FALSE
501,"noamross","2019-05-28",2019,"CONTRIBUTOR",FALSE
500,"HenrikBengtsson","2019-05-28",2019,"CONTRIBUTOR",FALSE
502,"noamross","2019-05-31",2019,"CONTRIBUTOR",FALSE
503,"DougVegas","2019-06-02",2019,"CONTRIBUTOR",TRUE
504,"Ryo-N7","2019-06-03",2019,"MEMBER",FALSE
505,"lhehnke","2019-06-07",2019,"NONE",FALSE
507,"wdenton","2019-06-07",2019,"CONTRIBUTOR",TRUE
508,"BruceZhaoR","2019-06-09",2019,"MEMBER",TRUE
509,"BruceZhaoR","2019-06-09",2019,"MEMBER",FALSE
511,"apreshill","2019-06-13",2019,"CONTRIBUTOR",FALSE
510,"martinctc","2019-06-13",2019,"CONTRIBUTOR",FALSE
512,"kgjerde","2019-06-15",2019,"CONTRIBUTOR",TRUE
513,"JiaxiangBU","2019-06-16",2019,"CONTRIBUTOR",TRUE
515,"khailper","2019-06-21",2019,"CONTRIBUTOR",TRUE
516,"DougVegas","2019-06-27",2019,"CONTRIBUTOR",FALSE
519,"martinctc","2019-06-29",2019,"CONTRIBUTOR",FALSE
518,"noamross","2019-06-29",2019,"CONTRIBUTOR",FALSE
517,"rstub","2019-06-29",2019,"CONTRIBUTOR",FALSE
521,"martinctc","2019-07-01",2019,"CONTRIBUTOR",FALSE
522,"amrrs","2019-07-01",2019,"CONTRIBUTOR",FALSE
520,"tonyelhabr","2019-07-01",2019,"MEMBER",FALSE
524,"d4tagirl","2019-07-02",2019,"CONTRIBUTOR",FALSE
523,"DougVegas","2019-07-02",2019,"CONTRIBUTOR",FALSE
525,"seabbs","2019-07-05",2019,"CONTRIBUTOR",FALSE
526,"martinctc","2019-07-06",2019,"CONTRIBUTOR",FALSE
527,"jonmcalder","2019-07-06",2019,"MEMBER",FALSE
528,"tonyelhabr","2019-07-07",2019,"MEMBER",FALSE
529,"jonmcalder","2019-07-08",2019,"MEMBER",FALSE
530,"RaoOfPhysics","2019-07-08",2019,"CONTRIBUTOR",FALSE
531,"rstub","2019-07-09",2019,"CONTRIBUTOR",FALSE
532,"rstub","2019-07-12",2019,"CONTRIBUTOR",FALSE
533,"mitchelloharawild","2019-07-13",2019,"CONTRIBUTOR",TRUE
534,"jonocarroll","2019-07-13",2019,"MEMBER",FALSE
535,"davidgohel","2019-07-19",2019,"CONTRIBUTOR",TRUE
536,"sinarueeger","2019-07-19",2019,"CONTRIBUTOR",FALSE
537,"tonyelhabr","2019-07-21",2019,"MEMBER",FALSE
539,"jwijffels","2019-07-30",2019,"CONTRIBUTOR",FALSE
538,"khailper","2019-07-30",2019,"CONTRIBUTOR",FALSE
540,"amrrs","2019-07-31",2019,"CONTRIBUTOR",FALSE
541,"pat-s","2019-08-01",2019,"CONTRIBUTOR",FALSE
542,"seabbs","2019-08-01",2019,"CONTRIBUTOR",FALSE
543,"martinctc","2019-08-03",2019,"CONTRIBUTOR",FALSE
544,"rpodcast","2019-08-04",2019,"MEMBER",FALSE
545,"Ryo-N7","2019-08-05",2019,"MEMBER",FALSE
546,"JiaxiangBU","2019-08-07",2019,"CONTRIBUTOR",FALSE
550,"sharlagelfand","2019-08-10",2019,"CONTRIBUTOR",TRUE
549,"amrrs","2019-08-10",2019,"CONTRIBUTOR",FALSE
548,"pat-s","2019-08-10",2019,"CONTRIBUTOR",FALSE
547,"echasnovski","2019-08-11",2019,"CONTRIBUTOR",FALSE
551,"RaoOfPhysics","2019-08-19",2019,"CONTRIBUTOR",FALSE
552,"martinctc","2019-08-23",2019,"CONTRIBUTOR",FALSE
553,"RaoOfPhysics","2019-08-27",2019,"CONTRIBUTOR",FALSE
554,"amrrs","2019-08-29",2019,"CONTRIBUTOR",FALSE
555,"RaoOfPhysics","2019-09-04",2019,"CONTRIBUTOR",FALSE
556,"seabbs","2019-09-07",2019,"CONTRIBUTOR",FALSE
557,"amrrs","2019-09-07",2019,"CONTRIBUTOR",FALSE
558,"martinctc","2019-09-07",2019,"CONTRIBUTOR",FALSE
561,"martinctc","2019-09-11",2019,"CONTRIBUTOR",FALSE
560,"kgjerde","2019-09-11",2019,"CONTRIBUTOR",FALSE
563,"RaoOfPhysics","2019-09-17",2019,"CONTRIBUTOR",FALSE
562,"DougVegas","2019-09-18",2019,"CONTRIBUTOR",FALSE
564,"malcolmbarrett","2019-09-18",2019,"CONTRIBUTOR",FALSE
565,"amrrs","2019-09-21",2019,"CONTRIBUTOR",FALSE
566,"JoseEchave","2019-09-25",2019,"CONTRIBUTOR",TRUE
568,"DougVegas","2019-10-03",2019,"CONTRIBUTOR",FALSE
570,"leynu","2019-10-04",2019,"CONTRIBUTOR",TRUE
572,"Ryo-N7","2019-10-07",2019,"MEMBER",FALSE
575,"malcolmbarrett","2019-10-19",2019,"CONTRIBUTOR",FALSE
578,"richfitz","2019-10-19",2019,"NONE",FALSE
579,"martinctc","2019-10-19",2019,"CONTRIBUTOR",FALSE
580,"malcolmbarrett","2019-11-02",2019,"CONTRIBUTOR",FALSE
581,"jdblischak","2019-11-02",2019,"CONTRIBUTOR",FALSE
582,"HenrikBengtsson","2019-11-10",2019,"CONTRIBUTOR",FALSE
584,"echasnovski","2019-11-13",2019,"CONTRIBUTOR",FALSE
586,"leynu","2019-11-17",2019,"CONTRIBUTOR",FALSE
583,"jonocarroll","2019-11-19",2019,"MEMBER",FALSE
591,"ijlyttle","2019-11-23",2019,"CONTRIBUTOR",FALSE
589,"maelle","2019-11-24",2019,"CONTRIBUTOR",FALSE
594,"mariabnd","2019-12-03",2019,"CONTRIBUTOR",TRUE
595,"kgjerde","2019-12-07",2019,"CONTRIBUTOR",FALSE
596,"noamross","2019-12-07",2019,"CONTRIBUTOR",FALSE
597,"malcolmbarrett","2019-12-07",2019,"CONTRIBUTOR",FALSE
598,"Ryo-N7","2019-12-09",2019,"MEMBER",FALSE
603,"wdenton","2019-12-21",2019,"CONTRIBUTOR",FALSE
600,"olifog","2019-12-21",2019,"CONTRIBUTOR",TRUE
593,"pat-s","2019-12-21",2019,"CONTRIBUTOR",FALSE
604,"martinctc","2019-12-28",2019,"CONTRIBUTOR",FALSE
605,"tonyelhabr","2020-01-04",2020,"MEMBER",FALSE
606,"dA505819","2020-01-04",2020,"CONTRIBUTOR",TRUE
610,"khailper","2020-01-09",2020,"CONTRIBUTOR",FALSE
609,"DougVegas","2020-01-09",2020,"CONTRIBUTOR",FALSE
613,"dA505819","2020-01-11",2020,"CONTRIBUTOR",FALSE
615,"maelle","2020-01-12",2020,"CONTRIBUTOR",FALSE
617,"dA505819","2020-01-21",2020,"CONTRIBUTOR",FALSE
622,"mikemahoney218","2020-01-23",2020,"CONTRIBUTOR",TRUE
621,"martinctc","2020-01-23",2020,"CONTRIBUTOR",FALSE
624,"martinctc","2020-02-01",2020,"CONTRIBUTOR",FALSE
626,"JiaxiangBU","2020-02-08",2020,"CONTRIBUTOR",FALSE
628,"JiaxiangBU","2020-02-08",2020,"CONTRIBUTOR",FALSE
630,"kgjerde","2020-02-10",2020,"CONTRIBUTOR",FALSE
631,"Ryo-N7","2020-02-10",2020,"MEMBER",FALSE
632,"deanmarchiori","2020-02-13",2020,"CONTRIBUTOR",FALSE
633,"boshek","2020-02-13",2020,"CONTRIBUTOR",TRUE
635,"tomroh","2020-02-13",2020,"CONTRIBUTOR",FALSE
637,"jwijffels","2020-02-14",2020,"CONTRIBUTOR",FALSE
638,"shahronak47","2020-02-17",2020,"CONTRIBUTOR",TRUE
641,"RaoOfPhysics","2020-02-20",2020,"CONTRIBUTOR",FALSE
640,"shahronak47","2020-02-20",2020,"CONTRIBUTOR",FALSE
639,"dA505819","2020-02-20",2020,"CONTRIBUTOR",FALSE
644,"shahronak47","2020-02-22",2020,"CONTRIBUTOR",FALSE
643,"sharlagelfand","2020-02-22",2020,"CONTRIBUTOR",FALSE
642,"MilesMcBain","2020-02-22",2020,"MEMBER",TRUE
646,"MohammedFCIS","2020-02-24",2020,"CONTRIBUTOR",TRUE
645,"coatless","2020-02-24",2020,"CONTRIBUTOR",FALSE
648,"RobWHickman","2020-02-29",2020,"MEMBER",TRUE
649,"elisedupuis","2020-03-02",2020,"CONTRIBUTOR",TRUE
651,"RobWHickman","2020-03-02",2020,"MEMBER",FALSE
652,"JiaxiangBU","2020-03-02",2020,"CONTRIBUTOR",FALSE
659,"lorenzwalthert","2020-03-19",2020,"CONTRIBUTOR",FALSE
660,"jlacko","2020-03-19",2020,"CONTRIBUTOR",TRUE
661,"sinarueeger","2020-03-21",2020,"CONTRIBUTOR",FALSE
662,"rpodcast","2020-03-22",2020,"MEMBER",FALSE
665,"amrrs","2020-03-25",2020,"CONTRIBUTOR",FALSE
666,"jonocarroll","2020-03-30",2020,"MEMBER",FALSE
667,"MilesMcBain","2020-04-02",2020,"MEMBER",FALSE
668,"MilesMcBain","2020-04-02",2020,"MEMBER",FALSE
671,"jdblischak","2020-04-07",2020,"CONTRIBUTOR",FALSE
670,"dA505819","2020-04-07",2020,"CONTRIBUTOR",FALSE
675,"rweeklyteam","2020-04-10",2020,"MEMBER",TRUE
676,"Ryo-N7","2020-04-12",2020,"MEMBER",FALSE
678,"rweeklyteam","2020-04-12",2020,"MEMBER",FALSE
677,"martinctc","2020-04-13",2020,"CONTRIBUTOR",FALSE
679,"karoliskoncevicius","2020-04-13",2020,"CONTRIBUTOR",TRUE
680,"Ryo-N7","2020-04-13",2020,"MEMBER",FALSE
681,"jwijffels","2020-04-14",2020,"CONTRIBUTOR",FALSE
684,"MilesMcBain","2020-04-14",2020,"MEMBER",FALSE
682,"MilesMcBain","2020-04-15",2020,"MEMBER",FALSE
685,"MilesMcBain","2020-04-15",2020,"MEMBER",FALSE
687,"Ryo-N7","2020-04-20",2020,"MEMBER",FALSE
688,"MilesMcBain","2020-04-24",2020,"MEMBER",FALSE
691,"MilesMcBain","2020-05-01",2020,"MEMBER",FALSE
690,"martinctc","2020-05-01",2020,"CONTRIBUTOR",FALSE
694,"HaydenMacDonald","2020-05-08",2020,"CONTRIBUTOR",TRUE
696,"jwijffels","2020-05-08",2020,"CONTRIBUTOR",FALSE
695,"dA505819","2020-05-08",2020,"CONTRIBUTOR",FALSE
699,"dirkschumacher","2020-05-11",2020,"CONTRIBUTOR",FALSE
701,"dA505819","2020-05-13",2020,"CONTRIBUTOR",FALSE
702,"rCarto","2020-05-15",2020,"CONTRIBUTOR",FALSE
703,"maelle","2020-05-16",2020,"CONTRIBUTOR",FALSE
704,"dirkschumacher","2020-05-17",2020,"CONTRIBUTOR",FALSE
707,"annakrystalli","2020-05-19",2020,"CONTRIBUTOR",TRUE
706,"atheriel","2020-05-19",2020,"CONTRIBUTOR",TRUE
705,"dA505819","2020-05-19",2020,"CONTRIBUTOR",FALSE
709,"mdogucu","2020-05-22",2020,"CONTRIBUTOR",TRUE
710,"thebioengineer","2020-05-23",2020,"CONTRIBUTOR",TRUE
711,"maelle","2020-05-23",2020,"CONTRIBUTOR",FALSE
712,"jonmcalder","2020-05-25",2020,"MEMBER",FALSE
715,"jeffreyenos","2020-05-28",2020,"CONTRIBUTOR",TRUE
716,"hfshr","2020-05-30",2020,"CONTRIBUTOR",TRUE
713,"noamross","2020-05-31",2020,"CONTRIBUTOR",FALSE
718,"jonocarroll","2020-06-01",2020,"MEMBER",FALSE
719,"dA505819","2020-06-01",2020,"CONTRIBUTOR",FALSE
714,"dependabot[bot]","2020-06-04",2020,"CONTRIBUTOR",TRUE
717,"jonocarroll","2020-06-04",2020,"MEMBER",FALSE
721,"dA505819","2020-06-06",2020,"CONTRIBUTOR",FALSE
723,"tvroylandt","2020-06-06",2020,"CONTRIBUTOR",TRUE
726,"giocomai","2020-06-09",2020,"CONTRIBUTOR",TRUE
730,"ijlyttle","2020-06-12",2020,"CONTRIBUTOR",FALSE
727,"hughjonesd","2020-06-12",2020,"CONTRIBUTOR",TRUE
728,"hfshr","2020-06-12",2020,"CONTRIBUTOR",FALSE
729,"maelle","2020-06-12",2020,"CONTRIBUTOR",FALSE
733,"aosmith16","2020-06-13",2020,"CONTRIBUTOR",FALSE
732,"JorisChau","2020-06-13",2020,"CONTRIBUTOR",TRUE
734,"lorenzwalthert","2020-06-15",2020,"CONTRIBUTOR",FALSE
735,"ijlyttle","2020-06-15",2020,"CONTRIBUTOR",FALSE
736,"Ryo-N7","2020-06-15",2020,"MEMBER",FALSE
737,"Ryo-N7","2020-06-15",2020,"MEMBER",FALSE
740,"maelle","2020-06-23",2020,"CONTRIBUTOR",FALSE
739,"gilliganondata","2020-06-23",2020,"CONTRIBUTOR",TRUE
738,"gdevailly","2020-06-23",2020,"CONTRIBUTOR",TRUE
742,"hfshr","2020-06-26",2020,"CONTRIBUTOR",FALSE
743,"jwijffels","2020-07-02",2020,"CONTRIBUTOR",FALSE
744,"xmc811","2020-07-02",2020,"CONTRIBUTOR",TRUE
745,"tvroylandt","2020-07-16",2020,"CONTRIBUTOR",FALSE
746,"thebioengineer","2020-07-16",2020,"CONTRIBUTOR",FALSE
747,"hfshr","2020-07-17",2020,"CONTRIBUTOR",FALSE
748,"dshkol","2020-07-23",2020,"CONTRIBUTOR",FALSE
749,"seabbs","2020-07-24",2020,"CONTRIBUTOR",FALSE
751,"MarcinKosinski","2020-07-28",2020,"CONTRIBUTOR",TRUE
722,"jonocarroll","2020-07-30",2020,"MEMBER",FALSE
724,"rpodcast","2020-07-30",2020,"MEMBER",FALSE
752,"feddelegrand7","2020-07-30",2020,"CONTRIBUTOR",TRUE
753,"rolkra","2020-07-31",2020,"CONTRIBUTOR",TRUE
755,"jonocarroll","2020-08-03",2020,"MEMBER",FALSE
756,"cmaimone","2020-08-08",2020,"CONTRIBUTOR",TRUE
758,"anderic1","2020-08-08",2020,"CONTRIBUTOR",TRUE
759,"WilliamTylerBradley","2020-08-15",2020,"CONTRIBUTOR",TRUE
760,"Ryo-N7","2020-08-17",2020,"MEMBER",FALSE
761,"jmablog","2020-08-21",2020,"CONTRIBUTOR",TRUE
763,"rolkra","2020-09-03",2020,"CONTRIBUTOR",FALSE
764,"martinctc","2020-09-06",2020,"CONTRIBUTOR",FALSE
765,"feddelegrand7","2020-09-11",2020,"CONTRIBUTOR",FALSE
766,"feddelegrand7","2020-09-15",2020,"CONTRIBUTOR",FALSE
767,"feddelegrand7","2020-09-17",2020,"CONTRIBUTOR",FALSE
769,"natekratzer","2020-09-18",2020,"CONTRIBUTOR",TRUE
770,"MikeJaredS","2020-09-24",2020,"CONTRIBUTOR",TRUE
771,"feddelegrand7","2020-09-27",2020,"CONTRIBUTOR",FALSE
772,"karoliskoncevicius","2020-09-29",2020,"CONTRIBUTOR",FALSE
773,"yjunechoe","2020-09-30",2020,"CONTRIBUTOR",TRUE
776,"feddelegrand7","2020-10-02",2020,"CONTRIBUTOR",FALSE
775,"jlacko","2020-10-02",2020,"CONTRIBUTOR",FALSE
774,"xmc811","2020-10-02",2020,"CONTRIBUTOR",FALSE
777,"jonocarroll","2020-10-05",2020,"MEMBER",FALSE
778,"jdblischak","2020-10-12",2020,"CONTRIBUTOR",FALSE
780,"JorisChau","2020-10-14",2020,"CONTRIBUTOR",FALSE
781,"jwijffels","2020-10-17",2020,"CONTRIBUTOR",FALSE
782,"RaoOfPhysics","2020-10-17",2020,"CONTRIBUTOR",FALSE
783,"dieghernan","2020-10-17",2020,"CONTRIBUTOR",TRUE
784,"mikemahoney218","2020-10-17",2020,"CONTRIBUTOR",FALSE
785,"feddelegrand7","2020-10-17",2020,"CONTRIBUTOR",FALSE
786,"Ryo-N7","2020-10-19",2020,"MEMBER",FALSE
788,"michaelquinn32","2020-10-28",2020,"CONTRIBUTOR",TRUE
787,"HaydenMacDonald","2020-10-28",2020,"CONTRIBUTOR",FALSE
789,"gadenbuie","2020-10-28",2020,"CONTRIBUTOR",FALSE
790,"rrrlw","2020-10-30",2020,"CONTRIBUTOR",TRUE
791,"hfshr","2020-10-30",2020,"CONTRIBUTOR",FALSE
792,"jdblischak","2020-10-30",2020,"CONTRIBUTOR",FALSE
793,"maelle","2020-11-07",2020,"CONTRIBUTOR",FALSE
795,"martinctc","2020-11-13",2020,"CONTRIBUTOR",FALSE
796,"kgjerde","2020-11-21",2020,"CONTRIBUTOR",FALSE
797,"rCarto","2020-11-21",2020,"CONTRIBUTOR",FALSE
800,"svitkin","2020-11-21",2020,"CONTRIBUTOR",TRUE
802,"iamericfletcher","2020-11-21",2020,"CONTRIBUTOR",TRUE
801,"hfshr","2020-11-21",2020,"CONTRIBUTOR",FALSE
803,"feddelegrand7","2020-11-21",2020,"CONTRIBUTOR",FALSE
804,"jonmcalder","2020-11-21",2020,"MEMBER",FALSE
805,"egeulgen","2020-11-23",2020,"CONTRIBUTOR",TRUE
806,"jonmcalder","2020-11-23",2020,"MEMBER",FALSE
807,"jonmcalder","2020-11-23",2020,"MEMBER",FALSE
809,"harshvardhaniimi","2020-11-24",2020,"CONTRIBUTOR",TRUE
810,"MaelTheuliere","2020-11-27",2020,"CONTRIBUTOR",TRUE
811,"etiennebacher","2020-11-29",2020,"CONTRIBUTOR",TRUE
812,"maelle","2020-11-29",2020,"CONTRIBUTOR",FALSE
814,"dieghernan","2020-12-01",2020,"CONTRIBUTOR",FALSE
813,"adomingues","2020-12-01",2020,"CONTRIBUTOR",TRUE
815,"hfshr","2020-12-03",2020,"CONTRIBUTOR",FALSE
816,"etiennebacher","2020-12-06",2020,"CONTRIBUTOR",FALSE
817,"jonocarroll","2020-12-07",2020,"MEMBER",FALSE
818,"fthielen","2020-12-07",2020,"CONTRIBUTOR",TRUE
819,"max-alletsee","2020-12-07",2020,"CONTRIBUTOR",TRUE
820,"markvanderloo","2020-12-08",2020,"CONTRIBUTOR",TRUE
822,"mikemahoney218","2020-12-12",2020,"CONTRIBUTOR",FALSE
828,"BatoolMM","2020-12-19",2020,"MEMBER",TRUE
827,"mikemahoney218","2020-12-19",2020,"CONTRIBUTOR",FALSE
826,"markvanderloo","2020-12-19",2020,"CONTRIBUTOR",FALSE
825,"markvanderloo","2020-12-19",2020,"CONTRIBUTOR",FALSE
824,"etiennebacher","2020-12-19",2020,"CONTRIBUTOR",FALSE
829,"iamericfletcher","2020-12-21",2020,"CONTRIBUTOR",FALSE
830,"jwijffels","2020-12-21",2020,"CONTRIBUTOR",FALSE
831,"Ryo-N7","2020-12-21",2020,"MEMBER",FALSE
832,"rnburn","2020-12-24",2020,"CONTRIBUTOR",TRUE
833,"martinctc","2020-12-24",2020,"CONTRIBUTOR",FALSE
834,"rolkra","2020-12-26",2020,"CONTRIBUTOR",FALSE
835,"mine-cetinkaya-rundel","2020-12-28",2020,"CONTRIBUTOR",TRUE
837,"hfshr","2020-12-30",2020,"CONTRIBUTOR",FALSE
838,"jdblischak","2021-01-02",2021,"CONTRIBUTOR",FALSE
839,"mine-cetinkaya-rundel","2021-01-04",2021,"CONTRIBUTOR",FALSE
841,"mikemahoney218","2021-01-05",2021,"CONTRIBUTOR",FALSE
840,"maelle","2021-01-05",2021,"CONTRIBUTOR",FALSE
842,"etiennebacher","2021-01-11",2021,"CONTRIBUTOR",FALSE
843,"feddelegrand7","2021-01-11",2021,"CONTRIBUTOR",FALSE
845,"malcolmbarrett","2021-01-16",2021,"CONTRIBUTOR",FALSE
844,"amirmasoudabdol","2021-01-16",2021,"CONTRIBUTOR",TRUE
846,"mikemahoney218","2021-01-18",2021,"CONTRIBUTOR",FALSE
847,"stragu","2021-01-19",2021,"CONTRIBUTOR",TRUE
848,"baslat","2021-01-21",2021,"CONTRIBUTOR",TRUE
849,"etiennebacher","2021-01-25",2021,"CONTRIBUTOR",FALSE
850,"tomroh","2021-01-26",2021,"CONTRIBUTOR",FALSE
851,"feddelegrand7","2021-01-29",2021,"CONTRIBUTOR",FALSE
852,"rolkra","2021-02-05",2021,"CONTRIBUTOR",FALSE
853,"tomroh","2021-02-05",2021,"CONTRIBUTOR",FALSE
854,"maelle","2021-02-05",2021,"CONTRIBUTOR",FALSE
855,"noamross","2021-02-06",2021,"CONTRIBUTOR",FALSE
857,"dshkol","2021-02-12",2021,"CONTRIBUTOR",FALSE
858,"jonocarroll","2021-02-14",2021,"MEMBER",FALSE
859,"jonocarroll","2021-02-15",2021,"MEMBER",FALSE
860,"jonocarroll","2021-02-15",2021,"MEMBER",FALSE
861,"jonocarroll","2021-02-15",2021,"MEMBER",FALSE
862,"HaydenMacDonald","2021-02-19",2021,"CONTRIBUTOR",FALSE
864,"rCarto","2021-02-19",2021,"CONTRIBUTOR",FALSE
863,"walkerkq","2021-02-19",2021,"CONTRIBUTOR",FALSE
865,"jlacko","2021-02-24",2021,"CONTRIBUTOR",FALSE
867,"mikemahoney218","2021-02-25",2021,"CONTRIBUTOR",FALSE
869,"Ryo-N7","2021-03-01",2021,"MEMBER",FALSE
871,"kbodwin","2021-03-08",2021,"MEMBER",TRUE
873,"kbodwin","2021-03-08",2021,"MEMBER",FALSE
874,"kbodwin","2021-03-08",2021,"MEMBER",FALSE
875,"kbodwin","2021-03-08",2021,"MEMBER",FALSE
876,"moldach","2021-03-10",2021,"NONE",FALSE
872,"rCarto","2021-03-11",2021,"CONTRIBUTOR",FALSE
870,"mine-cetinkaya-rundel","2021-03-11",2021,"CONTRIBUTOR",FALSE
877,"hughjonesd","2021-03-12",2021,"CONTRIBUTOR",FALSE
879,"JoseAntonioOrtega","2021-03-14",2021,"CONTRIBUTOR",TRUE
881,"jakubsob","2021-03-22",2021,"CONTRIBUTOR",TRUE
882,"mine-cetinkaya-rundel","2021-03-26",2021,"CONTRIBUTOR",FALSE
883,"lorenzwalthert","2021-03-28",2021,"CONTRIBUTOR",FALSE
884,"tonyelhabr","2021-03-29",2021,"MEMBER",FALSE
887,"rexarski","2021-04-03",2021,"CONTRIBUTOR",TRUE
885,"jdblischak","2021-04-03",2021,"CONTRIBUTOR",FALSE
890,"scheithauer","2021-04-13",2021,"CONTRIBUTOR",TRUE
891,"jonmcalder","2021-04-17",2021,"MEMBER",FALSE
892,"kwstat","2021-04-20",2021,"CONTRIBUTOR",FALSE
893,"scheithauer","2021-04-20",2021,"CONTRIBUTOR",FALSE
895,"giocomai","2021-04-23",2021,"CONTRIBUTOR",FALSE
896,"mikemahoney218","2021-04-23",2021,"CONTRIBUTOR",FALSE
894,"amirmasoudabdol","2021-04-24",2021,"CONTRIBUTOR",FALSE
899,"atheriel","2021-04-30",2021,"CONTRIBUTOR",FALSE
898,"scheithauer","2021-04-30",2021,"CONTRIBUTOR",FALSE
897,"Bisaloo","2021-04-30",2021,"CONTRIBUTOR",TRUE
900,"jonocarroll","2021-05-02",2021,"MEMBER",FALSE
901,"hughjonesd","2021-05-03",2021,"CONTRIBUTOR",FALSE
902,"jonocarroll","2021-05-03",2021,"MEMBER",FALSE
903,"mcanouil","2021-05-08",2021,"CONTRIBUTOR",TRUE
905,"jdblischak","2021-05-15",2021,"CONTRIBUTOR",FALSE
906,"Ryo-N7","2021-05-17",2021,"MEMBER",FALSE
910,"kbodwin","2021-05-24",2021,"MEMBER",FALSE
907,"dependabot[bot]","2021-05-28",2021,"CONTRIBUTOR",FALSE
915,"shikokuchuo","2021-05-28",2021,"CONTRIBUTOR",TRUE
914,"davidkane9","2021-05-28",2021,"CONTRIBUTOR",TRUE
909,"ekianjo","2021-05-28",2021,"CONTRIBUTOR",TRUE
911,"jlacko","2021-05-28",2021,"CONTRIBUTOR",FALSE
913,"tomroh","2021-05-28",2021,"CONTRIBUTOR",FALSE
912,"harshvardhaniimi","2021-05-28",2021,"CONTRIBUTOR",FALSE
916,"jdblischak","2021-06-06",2021,"CONTRIBUTOR",FALSE
918,"max-alletsee","2021-06-17",2021,"CONTRIBUTOR",FALSE
919,"shikokuchuo","2021-06-17",2021,"CONTRIBUTOR",FALSE
921,"BatoolMM","2021-06-21",2021,"MEMBER",FALSE
922,"karoliskoncevicius","2021-06-22",2021,"CONTRIBUTOR",FALSE
923,"martinctc","2021-07-06",2021,"CONTRIBUTOR",FALSE
927,"tomroh","2021-07-16",2021,"CONTRIBUTOR",FALSE
926,"etiennebacher","2021-07-16",2021,"CONTRIBUTOR",FALSE
928,"jonocarroll","2021-07-20",2021,"MEMBER",FALSE
929,"AlbertRapp","2021-07-24",2021,"CONTRIBUTOR",TRUE
930,"shikokuchuo","2021-07-24",2021,"CONTRIBUTOR",FALSE
931,"tomroh","2021-07-24",2021,"CONTRIBUTOR",FALSE
932,"hturner","2021-07-31",2021,"CONTRIBUTOR",FALSE
933,"tomroh","2021-07-31",2021,"CONTRIBUTOR",FALSE
934,"AlbertRapp","2021-07-31",2021,"CONTRIBUTOR",FALSE
937,"mikemahoney218","2021-08-06",2021,"CONTRIBUTOR",FALSE
936,"shikokuchuo","2021-08-06",2021,"CONTRIBUTOR",FALSE
935,"jdblischak","2021-08-06",2021,"CONTRIBUTOR",FALSE
938,"lddurbin","2021-08-07",2021,"CONTRIBUTOR",TRUE
939,"AlbertRapp","2021-08-07",2021,"CONTRIBUTOR",FALSE
940,"giocomai","2021-08-09",2021,"CONTRIBUTOR",FALSE
941,"Ryo-N7","2021-08-09",2021,"MEMBER",FALSE
942,"HaydenMacDonald","2021-08-09",2021,"CONTRIBUTOR",FALSE
924,"dependabot[bot]","2021-08-09",2021,"CONTRIBUTOR",FALSE
944,"iamericfletcher","2021-08-14",2021,"CONTRIBUTOR",FALSE
943,"iamericfletcher","2021-08-14",2021,"CONTRIBUTOR",FALSE
945,"dpprdan","2021-08-19",2021,"CONTRIBUTOR",TRUE
946,"shikokuchuo","2021-08-19",2021,"CONTRIBUTOR",FALSE
947,"jwijffels","2021-08-19",2021,"CONTRIBUTOR",FALSE
948,"AlbertRapp","2021-08-19",2021,"CONTRIBUTOR",FALSE
949,"HenrikBengtsson","2021-08-23",2021,"CONTRIBUTOR",FALSE
952,"egeulgen","2021-09-04",2021,"CONTRIBUTOR",FALSE
954,"AlbertRapp","2021-09-14",2021,"CONTRIBUTOR",FALSE
955,"mattle24","2021-09-16",2021,"CONTRIBUTOR",TRUE
956,"jonmcalder","2021-09-18",2021,"MEMBER",FALSE
957,"AlbertRapp","2021-09-20",2021,"CONTRIBUTOR",FALSE
958,"jonmcalder","2021-09-20",2021,"MEMBER",FALSE
959,"jhelvy","2021-09-20",2021,"CONTRIBUTOR",TRUE
960,"mikemahoney218","2021-09-20",2021,"CONTRIBUTOR",FALSE
961,"dieghernan","2021-09-20",2021,"CONTRIBUTOR",FALSE
962,"bschneidr","2021-09-22",2021,"CONTRIBUTOR",TRUE
963,"mikemahoney218","2021-09-23",2021,"CONTRIBUTOR",FALSE
964,"shikokuchuo","2021-09-23",2021,"CONTRIBUTOR",FALSE
966,"hturner","2021-10-02",2021,"CONTRIBUTOR",FALSE
967,"jonocarroll","2021-10-04",2021,"MEMBER",FALSE
965,"dependabot[bot]","2021-10-05",2021,"CONTRIBUTOR",FALSE
969,"urswilke","2021-10-09",2021,"CONTRIBUTOR",TRUE
970,"AlbertRapp","2021-10-09",2021,"CONTRIBUTOR",FALSE
971,"mikemahoney218","2021-10-14",2021,"CONTRIBUTOR",FALSE
972,"JorisChau","2021-10-14",2021,"CONTRIBUTOR",FALSE
973,"tanho63","2021-10-22",2021,"CONTRIBUTOR",TRUE
974,"AlbertRapp","2021-10-22",2021,"CONTRIBUTOR",FALSE
975,"solarchemist","2021-10-22",2021,"CONTRIBUTOR",TRUE
977,"shikokuchuo","2021-10-22",2021,"CONTRIBUTOR",FALSE
978,"jhelvy","2021-10-29",2021,"CONTRIBUTOR",FALSE
979,"daniloderosa","2021-10-29",2021,"CONTRIBUTOR",TRUE
980,"karawoo","2021-10-29",2021,"CONTRIBUTOR",FALSE
981,"tomroh","2021-10-29",2021,"CONTRIBUTOR",FALSE
982,"AlbertRapp","2021-10-29",2021,"CONTRIBUTOR",FALSE
984,"malcolmbarrett","2021-11-01",2021,"CONTRIBUTOR",FALSE
983,"urswilke","2021-11-01",2021,"CONTRIBUTOR",FALSE
985,"kinto-b","2021-11-06",2021,"CONTRIBUTOR",TRUE
986,"AlbertRapp","2021-11-06",2021,"CONTRIBUTOR",FALSE
987,"hughjonesd","2021-11-06",2021,"CONTRIBUTOR",FALSE
988,"dieghernan","2021-11-06",2021,"CONTRIBUTOR",FALSE
990,"danielvartan","2021-11-06",2021,"CONTRIBUTOR",TRUE
989,"urswilke","2021-11-06",2021,"CONTRIBUTOR",FALSE
991,"AlbertRapp","2021-11-13",2021,"CONTRIBUTOR",FALSE
993,"mattwarkentin","2021-11-13",2021,"CONTRIBUTOR",TRUE
994,"kinto-b","2021-11-13",2021,"CONTRIBUTOR",FALSE
992,"amrrs","2021-11-25",2021,"CONTRIBUTOR",FALSE
995,"JeffreyRStevens","2021-11-25",2021,"CONTRIBUTOR",TRUE
997,"kinto-b","2021-12-01",2021,"CONTRIBUTOR",FALSE
999,"amirmasoudabdol","2021-12-06",2021,"CONTRIBUTOR",FALSE
1000,"aczepielik","2021-12-06",2021,"CONTRIBUTOR",TRUE
1002,"seaCatKim","2021-12-06",2021,"CONTRIBUTOR",TRUE
1003,"jwijffels","2021-12-06",2021,"CONTRIBUTOR",FALSE
1004,"jdblischak","2021-12-06",2021,"CONTRIBUTOR",FALSE
1005,"bschneidr","2021-12-06",2021,"CONTRIBUTOR",FALSE
1006,"jonmcalder","2021-12-06",2021,"MEMBER",FALSE
1007,"evanmiyakawa","2021-12-07",2021,"CONTRIBUTOR",TRUE
1008,"jonmcalder","2021-12-07",2021,"MEMBER",FALSE
1009,"AlbertRapp","2021-12-12",2021,"CONTRIBUTOR",FALSE
1010,"karawoo","2021-12-12",2021,"CONTRIBUTOR",FALSE
1012,"oscarbaruffa","2021-12-12",2021,"CONTRIBUTOR",TRUE
1013,"shikokuchuo","2021-12-13",2021,"CONTRIBUTOR",FALSE
1015,"HenrikBengtsson","2021-12-19",2021,"CONTRIBUTOR",FALSE
1016,"AlbertRapp","2021-12-22",2021,"CONTRIBUTOR",FALSE
1020,"ocstringham","2022-01-06",2022,"CONTRIBUTOR",TRUE
1019,"AlbertRapp","2022-01-06",2022,"CONTRIBUTOR",FALSE
1018,"bschneidr","2022-01-06",2022,"CONTRIBUTOR",FALSE
1027,"AlbertRapp","2022-01-19",2022,"CONTRIBUTOR",FALSE
1029,"JorisChau","2022-01-24",2022,"CONTRIBUTOR",FALSE
1023,"benubah","2022-01-24",2022,"CONTRIBUTOR",TRUE
1026,"mikemahoney218","2022-01-24",2022,"CONTRIBUTOR",FALSE
1024,"bauer-alex","2022-01-24",2022,"CONTRIBUTOR",TRUE
1028,"hturner","2022-01-24",2022,"CONTRIBUTOR",FALSE
1025,"AlbertRapp","2022-01-24",2022,"CONTRIBUTOR",FALSE
1022,"HenrikBengtsson","2022-01-24",2022,"CONTRIBUTOR",FALSE
1030,"mikemahoney218","2022-01-25",2022,"CONTRIBUTOR",FALSE
1031,"dieghernan","2022-01-30",2022,"CONTRIBUTOR",FALSE
1032,"shikokuchuo","2022-01-30",2022,"CONTRIBUTOR",FALSE
1036,"dependabot[bot]","2022-03-27",2022,"CONTRIBUTOR",FALSE
1037,"ivelasq","2022-03-28",2022,"CONTRIBUTOR",TRUE
1038,"maelle","2022-03-28",2022,"CONTRIBUTOR",FALSE
1039,"L-Groeninger","2022-03-28",2022,"CONTRIBUTOR",TRUE
1040,"mcanouil","2022-04-01",2022,"CONTRIBUTOR",FALSE
1041,"shikokuchuo","2022-04-01",2022,"CONTRIBUTOR",FALSE
1042,"AlbertRapp","2022-04-01",2022,"CONTRIBUTOR",FALSE
1043,"tlhenvironment","2022-04-01",2022,"CONTRIBUTOR",TRUE
1045,"cutterkom","2022-04-01",2022,"CONTRIBUTOR",TRUE
1046,"jonmcalder","2022-04-02",2022,"MEMBER",FALSE
1047,"jonmcalder","2022-04-02",2022,"MEMBER",FALSE
1048,"jonmcalder","2022-04-02",2022,"MEMBER",FALSE
1049,"ivelasq","2022-04-04",2022,"CONTRIBUTOR",FALSE
1050,"gilliganondata","2022-04-04",2022,"CONTRIBUTOR",FALSE
1051,"apreshill","2022-04-05",2022,"CONTRIBUTOR",FALSE
1052,"AlbertRapp","2022-04-06",2022,"CONTRIBUTOR",FALSE
1053,"HenrikBengtsson","2022-04-09",2022,"CONTRIBUTOR",FALSE
1054,"gadenbuie","2022-04-10",2022,"CONTRIBUTOR",FALSE
1055,"HenrikBengtsson","2022-04-11",2022,"CONTRIBUTOR",FALSE
1056,"jonmcalder","2022-04-12",2022,"MEMBER",FALSE
1059,"AlbertRapp","2022-04-17",2022,"CONTRIBUTOR",FALSE
1060,"shikokuchuo","2022-04-17",2022,"CONTRIBUTOR",FALSE
1062,"kestrel99","2022-04-19",2022,"CONTRIBUTOR",TRUE
1064,"HenrikBengtsson","2022-04-24",2022,"CONTRIBUTOR",FALSE
1065,"L-Groeninger","2022-04-24",2022,"CONTRIBUTOR",FALSE
1066,"AlbertRapp","2022-04-24",2022,"CONTRIBUTOR",FALSE
1067,"HenrikBengtsson","2022-04-25",2022,"CONTRIBUTOR",FALSE
1068,"jonocarroll","2022-04-25",2022,"MEMBER",FALSE
1070,"amirmasoudabdol","2022-04-29",2022,"CONTRIBUTOR",FALSE
1071,"etiennebacher","2022-04-29",2022,"CONTRIBUTOR",FALSE
1072,"rolkra","2022-04-29",2022,"CONTRIBUTOR",FALSE
1074,"rpodcast","2022-04-30",2022,"MEMBER",FALSE
1073,"ivelasq","2022-04-30",2022,"CONTRIBUTOR",FALSE
1082,"ivelasq","2022-05-14",2022,"CONTRIBUTOR",FALSE
1083,"shikokuchuo","2022-05-14",2022,"CONTRIBUTOR",FALSE
1084,"kinto-b","2022-05-14",2022,"CONTRIBUTOR",FALSE
1085,"JorisChau","2022-05-14",2022,"CONTRIBUTOR",FALSE
1086,"AlbertRapp","2022-05-21",2022,"CONTRIBUTOR",FALSE
1088,"ivelasq","2022-05-21",2022,"CONTRIBUTOR",FALSE
1089,"ethanbass","2022-05-21",2022,"CONTRIBUTOR",TRUE
1090,"shikokuchuo","2022-05-30",2022,"CONTRIBUTOR",FALSE
1091,"dieghernan","2022-05-30",2022,"CONTRIBUTOR",FALSE
1093,"HenrikBengtsson","2022-05-30",2022,"CONTRIBUTOR",FALSE
1094,"oscarbaruffa","2022-05-30",2022,"CONTRIBUTOR",FALSE
1095,"ivelasq","2022-05-30",2022,"CONTRIBUTOR",FALSE
1096,"monty-se","2022-05-30",2022,"CONTRIBUTOR",TRUE
1097,"ivelasq","2022-05-30",2022,"CONTRIBUTOR",FALSE
1098,"ivelasq","2022-05-31",2022,"CONTRIBUTOR",FALSE
1099,"AlbertRapp","2022-06-01",2022,"CONTRIBUTOR",FALSE
1102,"HenrikBengtsson","2022-06-04",2022,"CONTRIBUTOR",FALSE
1100,"ivelasq","2022-06-07",2022,"CONTRIBUTOR",FALSE
1104,"HenrikBengtsson","2022-06-07",2022,"CONTRIBUTOR",FALSE
1105,"format0","2022-06-10",2022,"CONTRIBUTOR",TRUE
1109,"gadenbuie","2022-06-11",2022,"CONTRIBUTOR",FALSE
1108,"hughjonesd","2022-06-11",2022,"CONTRIBUTOR",FALSE
1107,"cutterkom","2022-06-11",2022,"CONTRIBUTOR",FALSE
1106,"BatoolMM","2022-06-11",2022,"MEMBER",FALSE
1113,"shikokuchuo","2022-06-20",2022,"CONTRIBUTOR",FALSE
1116,"EllaKaye","2022-06-22",2022,"CONTRIBUTOR",FALSE
1115,"mikemahoney218","2022-06-22",2022,"CONTRIBUTOR",FALSE
1117,"L-Groeninger","2022-06-25",2022,"CONTRIBUTOR",FALSE
1118,"HenrikBengtsson","2022-06-26",2022,"CONTRIBUTOR",FALSE
1119,"shikokuchuo","2022-06-27",2022,"CONTRIBUTOR",FALSE
1120,"psolymos","2022-06-28",2022,"CONTRIBUTOR",TRUE
1123,"AlbertRapp","2022-07-05",2022,"CONTRIBUTOR",FALSE
1125,"shikokuchuo","2022-07-09",2022,"CONTRIBUTOR",FALSE
1087,"dependabot[bot]","2022-07-09",2022,"CONTRIBUTOR",FALSE
1126,"jonocarroll","2022-07-11",2022,"MEMBER",FALSE
1127,"jonocarroll","2022-07-11",2022,"MEMBER",FALSE
1128,"FelixAnalytix","2022-07-14",2022,"CONTRIBUTOR",TRUE
1131,"jhelvy","2022-07-16",2022,"CONTRIBUTOR",FALSE
1130,"mikemahoney218","2022-07-16",2022,"CONTRIBUTOR",FALSE
1132,"davidkane9","2022-07-17",2022,"CONTRIBUTOR",FALSE
1133,"boiled-data","2022-07-21",2022,"CONTRIBUTOR",TRUE
1134,"amirmasoudabdol","2022-07-21",2022,"CONTRIBUTOR",FALSE
1135,"BrydenFrancesca","2022-07-21",2022,"CONTRIBUTOR",TRUE
1136,"shikokuchuo","2022-07-21",2022,"CONTRIBUTOR",FALSE
1139,"finnoh","2022-07-22",2022,"CONTRIBUTOR",TRUE
1137,"amirmasoudabdol","2022-07-22",2022,"CONTRIBUTOR",FALSE
1140,"AlbertRapp","2022-07-25",2022,"CONTRIBUTOR",FALSE
1141,"ha-pu","2022-07-25",2022,"CONTRIBUTOR",TRUE
1138,"dependabot[bot]","2022-07-26",2022,"CONTRIBUTOR",FALSE
1145,"hturner","2022-08-07",2022,"CONTRIBUTOR",FALSE
1146,"MCMaurer","2022-08-09",2022,"CONTRIBUTOR",TRUE
1147,"MCMaurer","2022-08-09",2022,"CONTRIBUTOR",FALSE
1148,"erikgahner","2022-08-10",2022,"CONTRIBUTOR",TRUE
1149,"mikemahoney218","2022-08-13",2022,"CONTRIBUTOR",FALSE
1150,"AlbertRapp","2022-08-13",2022,"CONTRIBUTOR",FALSE
1151,"ekianjo","2022-08-18",2022,"CONTRIBUTOR",FALSE
1152,"FelixAnalytix","2022-08-18",2022,"CONTRIBUTOR",FALSE
1153,"AlbertRapp","2022-08-19",2022,"CONTRIBUTOR",FALSE
1154,"gadenbuie","2022-08-20",2022,"CONTRIBUTOR",FALSE
1156,"shikokuchuo","2022-08-22",2022,"CONTRIBUTOR",FALSE
1157,"rsangole","2022-08-26",2022,"CONTRIBUTOR",TRUE
1158,"HenrikBengtsson","2022-08-29",2022,"CONTRIBUTOR",FALSE
1159,"HenrikBengtsson","2022-09-03",2022,"CONTRIBUTOR",FALSE
1160,"hturner","2022-09-03",2022,"CONTRIBUTOR",FALSE
1161,"HenrikBengtsson","2022-09-03",2022,"CONTRIBUTOR",FALSE
1162,"tonyelhabr","2022-09-08",2022,"MEMBER",FALSE
1163,"psolymos","2022-09-09",2022,"CONTRIBUTOR",FALSE
1164,"jonmcalder","2022-09-10",2022,"MEMBER",FALSE
1165,"haighd","2022-09-12",2022,"CONTRIBUTOR",TRUE
1167,"jonmcalder","2022-09-12",2022,"MEMBER",FALSE
1168,"AlbertRapp","2022-09-14",2022,"CONTRIBUTOR",FALSE
1169,"shikokuchuo","2022-09-16",2022,"CONTRIBUTOR",FALSE
1170,"hturner","2022-09-16",2022,"CONTRIBUTOR",FALSE
1171,"ivelasq","2022-09-17",2022,"CONTRIBUTOR",FALSE
1172,"WilliamTylerBradley","2022-09-17",2022,"CONTRIBUTOR",FALSE
1173,"jonocarroll","2022-09-26",2022,"MEMBER",FALSE
1175,"shikokuchuo","2022-09-27",2022,"CONTRIBUTOR",FALSE
1177,"rsangole","2022-09-28",2022,"CONTRIBUTOR",FALSE
1178,"dariia-m","2022-09-28",2022,"CONTRIBUTOR",TRUE
1176,"dariia-m","2022-09-28",2022,"CONTRIBUTOR",FALSE
1179,"PeerChristensen","2022-10-05",2022,"CONTRIBUTOR",TRUE
1184,"shikokuchuo","2022-10-17",2022,"CONTRIBUTOR",FALSE
1181,"martinctc","2022-10-17",2022,"CONTRIBUTOR",FALSE
1182,"psolymos","2022-10-17",2022,"CONTRIBUTOR",FALSE
1183,"HenrikBengtsson","2022-10-17",2022,"CONTRIBUTOR",FALSE
1185,"kbodwin","2022-10-27",2022,"MEMBER",FALSE
1186,"AbdoulMa","2022-10-27",2022,"CONTRIBUTOR",TRUE
1188,"huizezhang-sherry","2022-10-27",2022,"CONTRIBUTOR",TRUE
1189,"jrosen48","2022-10-27",2022,"CONTRIBUTOR",FALSE
1191,"shikokuchuo","2022-10-27",2022,"CONTRIBUTOR",FALSE
1192,"AlbertRapp","2022-10-27",2022,"CONTRIBUTOR",FALSE
1190,"dependabot[bot]","2022-10-27",2022,"CONTRIBUTOR",FALSE
1194,"psolymos","2022-11-05",2022,"CONTRIBUTOR",FALSE
1193,"hughjonesd","2022-11-05",2022,"CONTRIBUTOR",FALSE
1195,"HenrikBengtsson","2022-11-06",2022,"CONTRIBUTOR",FALSE
1197,"shikokuchuo","2022-11-12",2022,"CONTRIBUTOR",FALSE
1199,"FelixAnalytix","2022-11-12",2022,"CONTRIBUTOR",FALSE
1200,"hughjonesd","2022-11-12",2022,"CONTRIBUTOR",FALSE
1201,"hughjonesd","2022-11-12",2022,"CONTRIBUTOR",FALSE
1203,"psolymos","2022-11-12",2022,"CONTRIBUTOR",FALSE
1187,"hturner","2022-11-12",2022,"CONTRIBUTOR",FALSE
1204,"rolkra","2022-11-13",2022,"CONTRIBUTOR",FALSE
1205,"rolkra","2022-11-14",2022,"CONTRIBUTOR",FALSE
1207,"cutterkom","2022-11-18",2022,"CONTRIBUTOR",FALSE
1208,"chainsawriot","2022-11-18",2022,"CONTRIBUTOR",TRUE
1209,"JavOrraca","2022-11-18",2022,"CONTRIBUTOR",TRUE
1211,"dieghernan","2022-11-18",2022,"CONTRIBUTOR",FALSE
1212,"AlbertRapp","2022-11-18",2022,"CONTRIBUTOR",FALSE
1213,"matt-dray","2022-11-21",2022,"CONTRIBUTOR",FALSE
1214,"jonmcalder","2022-11-21",2022,"MEMBER",FALSE
1215,"AlbertRapp","2022-11-22",2022,"CONTRIBUTOR",FALSE
1216,"hughjonesd","2022-11-22",2022,"CONTRIBUTOR",FALSE
1217,"hughjonesd","2022-11-22",2022,"CONTRIBUTOR",FALSE
1218,"JeffreyRStevens","2022-11-25",2022,"CONTRIBUTOR",FALSE
1220,"ashbaldry","2022-11-25",2022,"CONTRIBUTOR",TRUE
1219,"etiennebacher","2022-11-25",2022,"CONTRIBUTOR",FALSE
1222,"etiennebacher","2022-12-01",2022,"CONTRIBUTOR",FALSE
1221,"ddotta","2022-12-01",2022,"CONTRIBUTOR",TRUE
1225,"mikemahoney218","2022-12-04",2022,"CONTRIBUTOR",FALSE
1223,"AlbertRapp","2022-12-04",2022,"CONTRIBUTOR",FALSE
1226,"ivelasq","2022-12-05",2022,"CONTRIBUTOR",FALSE
1227,"jonocarroll","2022-12-05",2022,"MEMBER",FALSE
1228,"kinto-b","2022-12-09",2022,"CONTRIBUTOR",FALSE
1231,"rpodcast","2022-12-12",2022,"MEMBER",FALSE
1229,"dependabot[bot]","2022-12-22",2022,"CONTRIBUTOR",FALSE
1240,"tomsing1","2022-12-29",2022,"CONTRIBUTOR",TRUE
1239,"rolkra","2022-12-29",2022,"CONTRIBUTOR",FALSE
1238,"JamesHWade","2022-12-29",2022,"CONTRIBUTOR",TRUE
1237,"ivelasq","2022-12-29",2022,"CONTRIBUTOR",FALSE
1242,"ivelasq","2023-01-07",2023,"CONTRIBUTOR",FALSE
1241,"boiled-data","2023-01-07",2023,"CONTRIBUTOR",FALSE
1243,"arcruz0","2023-01-09",2023,"CONTRIBUTOR",TRUE
1247,"nifdy","2023-01-15",2023,"CONTRIBUTOR",TRUE
1246,"HenrikBengtsson","2023-01-15",2023,"CONTRIBUTOR",FALSE
1244,"tomsing1","2023-01-15",2023,"CONTRIBUTOR",FALSE
1248,"etiennebacher","2023-01-16",2023,"CONTRIBUTOR",FALSE
1250,"asitav-sen","2023-01-21",2023,"CONTRIBUTOR",TRUE
1251,"shikokuchuo","2023-01-21",2023,"CONTRIBUTOR",FALSE
1252,"ivelasq","2023-01-21",2023,"CONTRIBUTOR",FALSE
1253,"chainsawriot","2023-01-21",2023,"CONTRIBUTOR",FALSE
1255,"tomsing1","2023-01-23",2023,"CONTRIBUTOR",FALSE
1254,"AlbertRapp","2023-01-23",2023,"CONTRIBUTOR",FALSE
1256,"maelle","2023-01-28",2023,"CONTRIBUTOR",FALSE
1257,"ivelasq","2023-01-28",2023,"CONTRIBUTOR",FALSE
1258,"jonmcalder","2023-01-29",2023,"MEMBER",FALSE
1259,"jonmcalder","2023-01-29",2023,"MEMBER",FALSE
1261,"chainsawriot","2023-02-04",2023,"CONTRIBUTOR",FALSE
1262,"paul-carteron","2023-02-04",2023,"CONTRIBUTOR",TRUE
1263,"FelixAnalytix","2023-02-04",2023,"CONTRIBUTOR",FALSE
1264,"rolkra","2023-02-09",2023,"CONTRIBUTOR",FALSE
1260,"dependabot[bot]","2023-02-09",2023,"CONTRIBUTOR",FALSE
1265,"cutterkom","2023-02-10",2023,"CONTRIBUTOR",FALSE
1266,"deanmarchiori","2023-02-10",2023,"CONTRIBUTOR",FALSE
1267,"rasmusab","2023-02-12",2023,"CONTRIBUTOR",TRUE
1269,"jonocarroll","2023-02-13",2023,"MEMBER",FALSE
1270,"Bisaloo","2023-02-15",2023,"CONTRIBUTOR",FALSE
1271,"Bisaloo","2023-02-15",2023,"CONTRIBUTOR",FALSE
1272,"dgkeyes","2023-02-18",2023,"CONTRIBUTOR",TRUE
1274,"AlbertRapp","2023-02-24",2023,"CONTRIBUTOR",FALSE
1273,"hturner","2023-02-24",2023,"CONTRIBUTOR",FALSE
1275,"mhanf","2023-02-27",2023,"CONTRIBUTOR",TRUE
1276,"chainsawriot","2023-02-27",2023,"CONTRIBUTOR",FALSE
1277,"jhelvy","2023-03-06",2023,"CONTRIBUTOR",FALSE
1278,"tonyelhabr","2023-03-06",2023,"MEMBER",FALSE
1279,"etiennebacher","2023-03-06",2023,"CONTRIBUTOR",FALSE
1280,"bruno-ponne","2023-03-06",2023,"CONTRIBUTOR",TRUE
1282,"ivelasq","2023-03-06",2023,"CONTRIBUTOR",FALSE
1281,"ivelasq","2023-03-06",2023,"CONTRIBUTOR",FALSE
1283,"shikokuchuo","2023-03-06",2023,"CONTRIBUTOR",FALSE
1284,"HenrikBengtsson","2023-03-06",2023,"CONTRIBUTOR",FALSE
1285,"earobinson95","2023-03-08",2023,"MEMBER",TRUE
1286,"L-Groeninger","2023-03-08",2023,"CONTRIBUTOR",FALSE
1288,"HenrikBengtsson","2023-03-20",2023,"CONTRIBUTOR",FALSE
1289,"shikokuchuo","2023-03-20",2023,"CONTRIBUTOR",FALSE
1290,"evanmiyakawa","2023-03-20",2023,"CONTRIBUTOR",FALSE
1291,"etiennebacher","2023-03-20",2023,"CONTRIBUTOR",FALSE
1292,"MechantRouquin","2023-03-24",2023,"CONTRIBUTOR",TRUE
1293,"HenrikBengtsson","2023-03-24",2023,"CONTRIBUTOR",FALSE
1294,"AlbertRapp","2023-03-24",2023,"CONTRIBUTOR",FALSE
1295,"ivelasq","2023-03-24",2023,"CONTRIBUTOR",FALSE
1296,"ivelasq","2023-03-24",2023,"CONTRIBUTOR",FALSE
1297,"ivelasq","2023-03-24",2023,"CONTRIBUTOR",FALSE
1299,"MCodrescu","2023-03-26",2023,"CONTRIBUTOR",TRUE
1300,"HenrikBengtsson","2023-03-26",2023,"CONTRIBUTOR",FALSE
1302,"mrkaye97","2023-03-30",2023,"CONTRIBUTOR",TRUE
1303,"TypeThePipe","2023-03-30",2023,"CONTRIBUTOR",TRUE
1304,"psolymos","2023-04-02",2023,"CONTRIBUTOR",FALSE
1305,"jonmcalder","2023-04-02",2023,"MEMBER",FALSE
1306,"jonmcalder","2023-04-02",2023,"MEMBER",FALSE
1307,"jonmcalder","2023-04-03",2023,"MEMBER",FALSE
1308,"matanhakim","2023-04-08",2023,"CONTRIBUTOR",TRUE
1309,"hturner","2023-04-08",2023,"CONTRIBUTOR",FALSE
1311,"jhelvy","2023-04-08",2023,"CONTRIBUTOR",FALSE
1313,"MohammedFCIS","2023-04-09",2023,"CONTRIBUTOR",FALSE
1314,"AlbertRapp","2023-04-10",2023,"CONTRIBUTOR",FALSE
1317,"olivroy","2023-04-13",2023,"CONTRIBUTOR",TRUE
1316,"dependabot[bot]","2023-04-13",2023,"CONTRIBUTOR",FALSE
1318,"paul-carteron","2023-04-13",2023,"CONTRIBUTOR",FALSE
1321,"jonocarroll","2023-04-17",2023,"MEMBER",FALSE
1322,"eliocamp","2023-04-22",2023,"CONTRIBUTOR",TRUE
1323,"frederikziebell","2023-04-22",2023,"CONTRIBUTOR",TRUE
1324,"shikokuchuo","2023-04-22",2023,"CONTRIBUTOR",FALSE
1326,"TimTaylor","2023-04-22",2023,"CONTRIBUTOR",TRUE
1325,"MCodrescu","2023-04-22",2023,"CONTRIBUTOR",FALSE
1319,"tonyelhabr","2023-05-02",2023,"MEMBER",FALSE
1328,"hughjonesd","2023-05-02",2023,"CONTRIBUTOR",FALSE
1329,"andrewheiss","2023-05-02",2023,"CONTRIBUTOR",TRUE
1332,"karoliskoncevicius","2023-05-14",2023,"CONTRIBUTOR",FALSE
1333,"hturner","2023-05-14",2023,"CONTRIBUTOR",FALSE
1334,"ivelasq","2023-05-14",2023,"CONTRIBUTOR",FALSE
1336,"nrennie","2023-05-14",2023,"CONTRIBUTOR",TRUE
1337,"shikokuchuo","2023-05-14",2023,"CONTRIBUTOR",FALSE
1335,"etiennebacher","2023-05-14",2023,"CONTRIBUTOR",FALSE
1327,"Nowosad","2023-05-14",2023,"CONTRIBUTOR",FALSE
1331,"mrkaye97","2023-05-14",2023,"CONTRIBUTOR",FALSE
1342,"chainsawriot","2023-05-22",2023,"CONTRIBUTOR",FALSE
1341,"liao961120","2023-05-22",2023,"CONTRIBUTOR",TRUE
1340,"shikokuchuo","2023-05-22",2023,"CONTRIBUTOR",FALSE
1339,"andrewheiss","2023-05-22",2023,"CONTRIBUTOR",FALSE
1338,"hughjonesd","2023-05-22",2023,"CONTRIBUTOR",FALSE
1343,"bruno-ponne","2023-05-22",2023,"CONTRIBUTOR",FALSE
1345,"liao961120","2023-05-26",2023,"CONTRIBUTOR",FALSE
1344,"davidkane9","2023-05-29",2023,"CONTRIBUTOR",FALSE
1346,"Bisaloo","2023-06-03",2023,"CONTRIBUTOR",FALSE
1347,"ivelasq","2023-06-03",2023,"CONTRIBUTOR",FALSE
1348,"ivelasq","2023-06-03",2023,"CONTRIBUTOR",FALSE
1349,"hturner","2023-06-03",2023,"CONTRIBUTOR",FALSE
1350,"carlislerainey","2023-06-03",2023,"CONTRIBUTOR",TRUE
1351,"andrewheiss","2023-06-03",2023,"CONTRIBUTOR",FALSE
1352,"rolkra","2023-06-03",2023,"CONTRIBUTOR",FALSE
1353,"calderonsamuel","2023-06-03",2023,"CONTRIBUTOR",TRUE
1354,"shikokuchuo","2023-06-03",2023,"CONTRIBUTOR",FALSE
1356,"jonmcalder","2023-06-03",2023,"MEMBER",FALSE
1355,"L-Groeninger","2023-06-03",2023,"CONTRIBUTOR",FALSE
1357,"ekianjo","2023-06-04",2023,"CONTRIBUTOR",FALSE
1358,"jonmcalder","2023-06-05",2023,"MEMBER",FALSE
1359,"jonmcalder","2023-06-05",2023,"MEMBER",FALSE
1360,"maelle","2023-06-07",2023,"CONTRIBUTOR",FALSE
1362,"AbdoulMa","2023-06-09",2023,"CONTRIBUTOR",FALSE
1361,"maelle","2023-06-09",2023,"CONTRIBUTOR",FALSE
1363,"L-Groeninger","2023-06-09",2023,"CONTRIBUTOR",FALSE
1364,"erictleung","2023-06-09",2023,"CONTRIBUTOR",TRUE
1365,"ekianjo","2023-06-09",2023,"CONTRIBUTOR",FALSE
1366,"ivelasq","2023-06-09",2023,"CONTRIBUTOR",FALSE
1367,"ivelasq","2023-06-09",2023,"CONTRIBUTOR",FALSE
1368,"ivelasq","2023-06-09",2023,"CONTRIBUTOR",FALSE
1369,"gadenbuie","2023-06-09",2023,"CONTRIBUTOR",FALSE
1370,"ivelasq","2023-06-09",2023,"CONTRIBUTOR",FALSE
1373,"liao961120","2023-06-17",2023,"CONTRIBUTOR",FALSE
1375,"ivelasq","2023-06-17",2023,"CONTRIBUTOR",FALSE
1376,"ivelasq","2023-06-17",2023,"CONTRIBUTOR",FALSE
1377,"ghost","2023-06-19",2023,"NONE",FALSE
1378,"jonocarroll","2023-06-19",2023,"MEMBER",FALSE
1379,"DougVegas","2023-06-23",2023,"CONTRIBUTOR",FALSE
1380,"ekianjo","2023-06-27",2023,"CONTRIBUTOR",FALSE
1382,"wlandau","2023-06-27",2023,"CONTRIBUTOR",TRUE
1384,"pablobernabeu","2023-06-30",2023,"CONTRIBUTOR",TRUE
1385,"ivelasq","2023-06-30",2023,"CONTRIBUTOR",FALSE
1386,"ivelasq","2023-06-30",2023,"CONTRIBUTOR",FALSE
1387,"ivelasq","2023-06-30",2023,"CONTRIBUTOR",FALSE
1388,"hughjonesd","2023-06-30",2023,"CONTRIBUTOR",FALSE
1389,"andrewheiss","2023-07-14",2023,"CONTRIBUTOR",FALSE
1390,"liao961120","2023-07-14",2023,"CONTRIBUTOR",FALSE
1392,"galalH","2023-07-14",2023,"CONTRIBUTOR",TRUE
1393,"shikokuchuo","2023-07-14",2023,"CONTRIBUTOR",FALSE
1394,"ivelasq","2023-07-14",2023,"CONTRIBUTOR",FALSE
1395,"ivelasq","2023-07-14",2023,"CONTRIBUTOR",FALSE
1396,"ivelasq","2023-07-14",2023,"CONTRIBUTOR",FALSE
1397,"ivelasq","2023-07-14",2023,"CONTRIBUTOR",FALSE
1398,"shikokuchuo","2023-07-17",2023,"CONTRIBUTOR",FALSE
1400,"svitkin","2023-07-22",2023,"CONTRIBUTOR",FALSE
1401,"liao961120","2023-07-22",2023,"CONTRIBUTOR",FALSE
1402,"hturner","2023-07-22",2023,"CONTRIBUTOR",FALSE
1403,"malcolmbarrett","2023-07-22",2023,"CONTRIBUTOR",FALSE
1404,"shikokuchuo","2023-07-29",2023,"CONTRIBUTOR",FALSE
1405,"andrewheiss","2023-07-29",2023,"CONTRIBUTOR",FALSE
1406,"b-rodrigues","2023-08-01",2023,"CONTRIBUTOR",TRUE
1407,"etiennebacher","2023-08-05",2023,"CONTRIBUTOR",FALSE
1408,"ivelasq","2023-08-05",2023,"CONTRIBUTOR",FALSE
1409,"ddotta","2023-08-05",2023,"CONTRIBUTOR",FALSE
1410,"L-Groeninger","2023-08-05",2023,"CONTRIBUTOR",FALSE
1411,"Tomeriko96","2023-08-05",2023,"CONTRIBUTOR",TRUE
1412,"jonmcalder","2023-08-05",2023,"MEMBER",FALSE
1413,"jonmcalder","2023-08-05",2023,"MEMBER",FALSE
1414,"jonmcalder","2023-08-07",2023,"MEMBER",FALSE
1415,"KittJonathan","2023-08-11",2023,"MEMBER",TRUE
1416,"chainsawriot","2023-08-11",2023,"CONTRIBUTOR",FALSE
1417,"mikemahoney218","2023-08-11",2023,"CONTRIBUTOR",FALSE
1418,"RohanAlexander","2023-08-11",2023,"CONTRIBUTOR",TRUE
1419,"b-rodrigues","2023-08-11",2023,"CONTRIBUTOR",FALSE
1421,"shikokuchuo","2023-08-11",2023,"CONTRIBUTOR",FALSE
1422,"mthomas-ketchbrook","2023-08-15",2023,"CONTRIBUTOR",TRUE
1424,"chainsawriot","2023-08-15",2023,"CONTRIBUTOR",FALSE
1423,"paul-carteron","2023-08-16",2023,"CONTRIBUTOR",FALSE
1425,"b-rodrigues","2023-08-20",2023,"CONTRIBUTOR",FALSE
1426,"ivelasq","2023-08-20",2023,"CONTRIBUTOR",FALSE
1427,"jonocarroll","2023-08-21",2023,"MEMBER",FALSE
1428,"AlbertRapp","2023-08-26",2023,"CONTRIBUTOR",FALSE
1430,"olivroy","2023-08-26",2023,"CONTRIBUTOR",FALSE
1431,"shikokuchuo","2023-08-26",2023,"CONTRIBUTOR",FALSE
1432,"KittJonathan","2023-09-01",2023,"MEMBER",FALSE
1433,"briatte","2023-09-01",2023,"CONTRIBUTOR",TRUE
1434,"chainsawriot","2023-09-01",2023,"CONTRIBUTOR",FALSE
1435,"KittJonathan","2023-09-01",2023,"MEMBER",FALSE
1436,"mikemahoney218","2023-09-01",2023,"CONTRIBUTOR",FALSE
1437,"rladiesgaborone","2023-09-01",2023,"CONTRIBUTOR",TRUE
1438,"ivelasq","2023-09-01",2023,"CONTRIBUTOR",FALSE
1439,"ivelasq","2023-09-01",2023,"CONTRIBUTOR",FALSE
1441,"ivelasq","2023-09-01",2023,"CONTRIBUTOR",FALSE
1445,"L-Groeninger","2023-09-08",2023,"CONTRIBUTOR",FALSE
1444,"lpembleton","2023-09-08",2023,"CONTRIBUTOR",TRUE
1443,"etiennebacher","2023-09-08",2023,"CONTRIBUTOR",FALSE
1442,"shikokuchuo","2023-09-08",2023,"CONTRIBUTOR",FALSE
1446,"tonyelhabr","2023-09-09",2023,"MEMBER",FALSE
1448,"jonocarroll","2023-09-11",2023,"MEMBER",FALSE
1449,"chainsawriot","2023-09-12",2023,"CONTRIBUTOR",FALSE
1454,"ivelasq","2023-09-15",2023,"CONTRIBUTOR",FALSE
1453,"malcolmbarrett","2023-09-15",2023,"CONTRIBUTOR",FALSE
1452,"ivelasq","2023-09-15",2023,"CONTRIBUTOR",FALSE
1451,"KittJonathan","2023-09-15",2023,"MEMBER",FALSE
1450,"boiled-data","2023-09-15",2023,"CONTRIBUTOR",FALSE
1455,"KittJonathan","2023-09-15",2023,"MEMBER",FALSE
1456,"KittJonathan","2023-09-15",2023,"MEMBER",FALSE
1457,"ekianjo","2023-09-15",2023,"CONTRIBUTOR",FALSE
1458,"chainsawriot","2023-09-15",2023,"CONTRIBUTOR",FALSE
1459,"andrewheiss","2023-09-24",2023,"CONTRIBUTOR",FALSE
1460,"shikokuchuo","2023-09-24",2023,"CONTRIBUTOR",FALSE
1461,"mikemahoney218","2023-09-24",2023,"CONTRIBUTOR",FALSE
1462,"b-rodrigues","2023-09-24",2023,"CONTRIBUTOR",FALSE
1463,"chainsawriot","2023-09-24",2023,"CONTRIBUTOR",FALSE
1464,"tonyelhabr","2023-09-24",2023,"MEMBER",FALSE
1465,"morrisLuke","2023-09-29",2023,"CONTRIBUTOR",TRUE
1466,"drmowinckels","2023-09-29",2023,"CONTRIBUTOR",TRUE
1467,"jlacko","2023-09-29",2023,"CONTRIBUTOR",FALSE
1468,"chainsawriot","2023-10-04",2023,"CONTRIBUTOR",FALSE
1469,"maelle","2023-10-05",2023,"CONTRIBUTOR",FALSE
1470,"b-rodrigues","2023-10-05",2023,"CONTRIBUTOR",FALSE
1471,"maelle","2023-10-06",2023,"CONTRIBUTOR",FALSE
1473,"jonmcalder","2023-10-08",2023,"MEMBER",FALSE
1474,"jonmcalder","2023-10-09",2023,"MEMBER",FALSE
1475,"chainsawriot","2023-10-14",2023,"CONTRIBUTOR",FALSE
1476,"rolkra","2023-10-14",2023,"CONTRIBUTOR",FALSE
1477,"b-rodrigues","2023-10-21",2023,"CONTRIBUTOR",FALSE
1479,"jonocarroll","2023-10-21",2023,"MEMBER",FALSE
1480,"jonocarroll","2023-10-23",2023,"MEMBER",FALSE
1481,"feddelegrand7","2023-11-03",2023,"CONTRIBUTOR",FALSE
1482,"mikemahoney218","2023-11-03",2023,"CONTRIBUTOR",FALSE
1483,"PowellWheeler","2023-11-03",2023,"CONTRIBUTOR",TRUE
1484,"ivelasq","2023-11-03",2023,"CONTRIBUTOR",FALSE
1486,"AlbertRapp","2023-11-03",2023,"CONTRIBUTOR",FALSE
1487,"conorotompkins","2023-11-03",2023,"CONTRIBUTOR",TRUE
1489,"lpembleton","2023-11-08",2023,"CONTRIBUTOR",FALSE
1488,"HenningLorenzen-ext-bayer","2023-11-13",2023,"CONTRIBUTOR",TRUE
1490,"Bisaloo","2023-11-17",2023,"CONTRIBUTOR",FALSE
1491,"R-icntay","2023-11-17",2023,"CONTRIBUTOR",TRUE
1492,"maelle","2023-11-17",2023,"CONTRIBUTOR",FALSE
1494,"hughjonesd","2023-11-17",2023,"CONTRIBUTOR",FALSE
1495,"b-rodrigues","2023-11-17",2023,"CONTRIBUTOR",FALSE
1493,"shikokuchuo","2023-11-17",2023,"CONTRIBUTOR",FALSE
1498,"ivelasq","2023-11-17",2023,"CONTRIBUTOR",FALSE
1499,"ivelasq","2023-11-17",2023,"CONTRIBUTOR",FALSE
1497,"ivelasq","2023-11-17",2023,"CONTRIBUTOR",FALSE
1506,"jadeynryan","2023-11-25",2023,"CONTRIBUTOR",TRUE
1505,"EllaKaye","2023-11-25",2023,"CONTRIBUTOR",FALSE
1504,"paul-carteron","2023-11-25",2023,"CONTRIBUTOR",FALSE
1503,"ivelasq","2023-11-25",2023,"CONTRIBUTOR",FALSE
1502,"maelle","2023-11-25",2023,"CONTRIBUTOR",FALSE
1500,"conorotompkins","2023-11-25",2023,"CONTRIBUTOR",FALSE
1508,"maelle","2023-12-02",2023,"CONTRIBUTOR",FALSE
1507,"AlbertRapp","2023-12-02",2023,"CONTRIBUTOR",FALSE
1509,"nielsoledam","2023-12-07",2023,"CONTRIBUTOR",TRUE
1511,"jonmcalder","2023-12-07",2023,"MEMBER",FALSE
1510,"cregouby","2023-12-07",2023,"CONTRIBUTOR",TRUE
1513,"gadenbuie","2023-12-08",2023,"CONTRIBUTOR",FALSE
1514,"ivelasq","2023-12-09",2023,"CONTRIBUTOR",FALSE
1515,"ivelasq","2023-12-09",2023,"CONTRIBUTOR",FALSE
1516,"shikokuchuo","2023-12-09",2023,"CONTRIBUTOR",FALSE
1517,"melissavanbussel","2023-12-09",2023,"CONTRIBUTOR",TRUE
1518,"hughjonesd","2023-12-10",2023,"CONTRIBUTOR",FALSE
1519,"AlbertRapp","2023-12-16",2023,"CONTRIBUTOR",FALSE
1520,"boiled-data","2023-12-16",2023,"CONTRIBUTOR",FALSE
1521,"calderonsamuel","2023-12-16",2023,"CONTRIBUTOR",FALSE
1530,"emilyriederer","2024-01-02",2024,"CONTRIBUTOR",TRUE
1522,"dicorynia","2024-01-06",2024,"CONTRIBUTOR",TRUE
1523,"ivelasq","2024-01-06",2024,"CONTRIBUTOR",FALSE
1524,"b-rodrigues","2024-01-06",2024,"CONTRIBUTOR",FALSE
1525,"GABurns","2024-01-06",2024,"CONTRIBUTOR",TRUE
1526,"AlbertRapp","2024-01-06",2024,"CONTRIBUTOR",FALSE
1527,"hughjonesd","2024-01-06",2024,"CONTRIBUTOR",FALSE
1528,"hughjonesd","2024-01-06",2024,"CONTRIBUTOR",FALSE
1529,"feddelegrand7","2024-01-06",2024,"CONTRIBUTOR",FALSE
1531,"ivelasq","2024-01-06",2024,"CONTRIBUTOR",FALSE
1533,"thebioengineer","2024-01-12",2024,"CONTRIBUTOR",FALSE
1534,"AlbertRapp","2024-01-12",2024,"CONTRIBUTOR",FALSE
1536,"melissavanbussel","2024-01-12",2024,"CONTRIBUTOR",FALSE
1535,"shikokuchuo","2024-01-12",2024,"CONTRIBUTOR",FALSE
1544,"ivelasq","2024-01-18",2024,"CONTRIBUTOR",FALSE
1543,"ivelasq","2024-01-18",2024,"CONTRIBUTOR",FALSE
1542,"maelle","2024-01-18",2024,"CONTRIBUTOR",FALSE
1541,"ivelasq","2024-01-18",2024,"CONTRIBUTOR",FALSE
1540,"mikemahoney218","2024-01-18",2024,"CONTRIBUTOR",FALSE
1539,"HenrikBengtsson","2024-01-18",2024,"CONTRIBUTOR",FALSE
1538,"maelle","2024-01-18",2024,"CONTRIBUTOR",FALSE
1537,"andrewheiss","2024-01-18",2024,"CONTRIBUTOR",FALSE
1545,"lorenzwalthert","2024-01-27",2024,"CONTRIBUTOR",FALSE
1546,"Bisaloo","2024-02-03",2024,"CONTRIBUTOR",FALSE
1547,"kbodwin","2024-02-03",2024,"MEMBER",FALSE
1548,"rCarto","2024-02-03",2024,"CONTRIBUTOR",FALSE
1549,"shikokuchuo","2024-02-03",2024,"CONTRIBUTOR",FALSE
1550,"AlbertRapp","2024-02-03",2024,"CONTRIBUTOR",FALSE
1551,"hturner","2024-02-03",2024,"CONTRIBUTOR",FALSE
1552,"b-rodrigues","2024-02-03",2024,"CONTRIBUTOR",FALSE
1553,"jakubsob","2024-02-10",2024,"CONTRIBUTOR",FALSE
1555,"maelle","2024-02-10",2024,"CONTRIBUTOR",FALSE
1557,"melissavanbussel","2024-02-10",2024,"CONTRIBUTOR",FALSE
1556,"gigikenneth","2024-02-11",2024,"CONTRIBUTOR",TRUE
1558,"mhoehle","2024-02-12",2024,"CONTRIBUTOR",FALSE
1559,"mhoehle","2024-02-12",2024,"CONTRIBUTOR",FALSE
1560,"hughjonesd","2024-02-17",2024,"CONTRIBUTOR",FALSE
1562,"shikokuchuo","2024-02-23",2024,"CONTRIBUTOR",FALSE
1561,"maelle","2024-02-23",2024,"CONTRIBUTOR",FALSE
1554,"dependabot[bot]","2024-02-23",2024,"CONTRIBUTOR",FALSE
1563,"pablobernabeu","2024-02-25",2024,"CONTRIBUTOR",FALSE
1565,"jonocarroll","2024-02-26",2024,"MEMBER",FALSE
1566,"jonocarroll","2024-02-26",2024,"MEMBER",FALSE
1567,"kbodwin","2024-03-02",2024,"MEMBER",FALSE
1568,"aitap","2024-03-02",2024,"CONTRIBUTOR",TRUE
1569,"maelle","2024-03-02",2024,"CONTRIBUTOR",FALSE
1570,"hturner","2024-03-02",2024,"CONTRIBUTOR",FALSE
1571,"rolkra","2024-03-02",2024,"CONTRIBUTOR",FALSE
1572,"b-rodrigues","2024-03-02",2024,"CONTRIBUTOR",FALSE
1573,"ivelasq","2024-03-02",2024,"CONTRIBUTOR",FALSE
1574,"ivelasq","2024-03-02",2024,"CONTRIBUTOR",FALSE
1576,"schochastics","2024-03-08",2024,"CONTRIBUTOR",TRUE
1577,"rolkra","2024-03-16",2024,"CONTRIBUTOR",FALSE
1578,"rolkra","2024-03-16",2024,"CONTRIBUTOR",FALSE
1579,"gvelasq","2024-03-16",2024,"CONTRIBUTOR",TRUE
1580,"abichat","2024-03-16",2024,"CONTRIBUTOR",TRUE
1581,"hturner","2024-03-16",2024,"CONTRIBUTOR",FALSE
1582,"gigikenneth","2024-03-16",2024,"CONTRIBUTOR",FALSE
1583,"AlbertRapp","2024-03-16",2024,"CONTRIBUTOR",FALSE
1585,"rfsaldanha","2024-03-23",2024,"CONTRIBUTOR",TRUE
1586,"maelle","2024-03-23",2024,"CONTRIBUTOR",FALSE
1587,"cutterkom","2024-03-30",2024,"CONTRIBUTOR",FALSE
1588,"nicholasjclark","2024-03-30",2024,"CONTRIBUTOR",TRUE
1589,"brendensm","2024-03-30",2024,"CONTRIBUTOR",TRUE
1590,"mthomas-ketchbrook","2024-03-30",2024,"CONTRIBUTOR",FALSE
1591,"gavinsimpson","2024-04-06",2024,"CONTRIBUTOR",TRUE
1592,"remlapmot","2024-04-06",2024,"CONTRIBUTOR",TRUE
1593,"maelle","2024-04-06",2024,"CONTRIBUTOR",FALSE
1594,"b-rodrigues","2024-04-06",2024,"CONTRIBUTOR",FALSE
1595,"schochastics","2024-04-06",2024,"CONTRIBUTOR",FALSE
1596,"andrewheiss","2024-04-06",2024,"CONTRIBUTOR",FALSE
1597,"jonmcalder","2024-04-06",2024,"MEMBER",FALSE
1598,"jonmcalder","2024-04-08",2024,"MEMBER",FALSE
1599,"jonmcalder","2024-04-08",2024,"MEMBER",FALSE
1600,"nvietto","2024-04-13",2024,"CONTRIBUTOR",TRUE
1602,"JosiahParry","2024-04-13",2024,"CONTRIBUTOR",FALSE
1603,"shikokuchuo","2024-04-13",2024,"CONTRIBUTOR",FALSE
1604,"tin900","2024-04-13",2024,"CONTRIBUTOR",TRUE
1609,"ivelasq","2024-04-19",2024,"CONTRIBUTOR",FALSE
1608,"ivelasq","2024-04-19",2024,"CONTRIBUTOR",FALSE
1606,"daranzolin","2024-04-20",2024,"CONTRIBUTOR",TRUE
1607,"ivelasq","2024-04-20",2024,"CONTRIBUTOR",FALSE
1611,"jonocarroll","2024-04-22",2024,"MEMBER",FALSE
1613,"egeulgen","2024-05-03",2024,"CONTRIBUTOR",FALSE
1615,"davidrsch","2024-05-03",2024,"CONTRIBUTOR",TRUE
1616,"Tomeriko96","2024-05-03",2024,"CONTRIBUTOR",FALSE
1617,"ashbaldry","2024-05-03",2024,"CONTRIBUTOR",FALSE
1618,"aitap","2024-05-03",2024,"CONTRIBUTOR",FALSE
1619,"cgoo4","2024-05-03",2024,"CONTRIBUTOR",TRUE
1614,"jonthegeek","2024-05-06",2024,"CONTRIBUTOR",TRUE
1628,"davidrsch","2024-05-11",2024,"CONTRIBUTOR",FALSE
1627,"Layalchristine24","2024-05-11",2024,"CONTRIBUTOR",TRUE
1621,"rpodcast","2024-05-11",2024,"MEMBER",FALSE
1622,"JosiahParry","2024-05-11",2024,"CONTRIBUTOR",FALSE
1623,"maelle","2024-05-11",2024,"CONTRIBUTOR",FALSE
1624,"andrewheiss","2024-05-11",2024,"CONTRIBUTOR",FALSE
1625,"ivelasq","2024-05-11",2024,"CONTRIBUTOR",FALSE
1626,"ivelasq","2024-05-11",2024,"CONTRIBUTOR",FALSE
1629,"Layalchristine24","2024-05-18",2024,"CONTRIBUTOR",FALSE
1631,"Layalchristine24","2024-05-21",2024,"CONTRIBUTOR",FALSE
1632,"tin900","2024-05-25",2024,"CONTRIBUTOR",FALSE
1633,"calderonsamuel","2024-05-25",2024,"CONTRIBUTOR",FALSE
1635,"jonocarroll","2024-05-27",2024,"MEMBER",FALSE
1630,"dependabot[bot]","2024-05-27",2024,"CONTRIBUTOR",FALSE
1636,"chainsawriot","2024-06-01",2024,"CONTRIBUTOR",FALSE
1637,"Bisaloo","2024-06-01",2024,"CONTRIBUTOR",FALSE
1638,"Layalchristine24","2024-06-01",2024,"CONTRIBUTOR",FALSE
1639,"cgoo4","2024-06-01",2024,"CONTRIBUTOR",FALSE
1640,"jonmcalder","2024-06-01",2024,"MEMBER",FALSE
1641,"thebioengineer","2024-06-02",2024,"CONTRIBUTOR",FALSE
1642,"thebioengineer","2024-06-02",2024,"CONTRIBUTOR",FALSE
1643,"Layalchristine24","2024-06-03",2024,"CONTRIBUTOR",FALSE
1644,"maelle","2024-06-06",2024,"CONTRIBUTOR",FALSE
1645,"shikokuchuo","2024-06-06",2024,"CONTRIBUTOR",FALSE
1646,"luisDVA","2024-06-06",2024,"CONTRIBUTOR",TRUE
1647,"kbodwin","2024-06-06",2024,"MEMBER",FALSE
1648,"ivelasq","2024-06-07",2024,"CONTRIBUTOR",FALSE
1649,"hughjonesd","2024-06-08",2024,"CONTRIBUTOR",FALSE
1650,"davidrsch","2024-06-15",2024,"CONTRIBUTOR",FALSE
1652,"iamYannC","2024-06-15",2024,"CONTRIBUTOR",TRUE
1653,"rolkra","2024-06-17",2024,"CONTRIBUTOR",FALSE
1655,"novica","2024-06-22",2024,"CONTRIBUTOR",TRUE
1654,"jonthegeek","2024-06-22",2024,"CONTRIBUTOR",FALSE
1656,"hughjonesd","2024-06-28",2024,"CONTRIBUTOR",FALSE
1658,"jasdumas","2024-06-28",2024,"CONTRIBUTOR",TRUE
1659,"shikokuchuo","2024-06-28",2024,"CONTRIBUTOR",FALSE
1660,"brendensm","2024-06-28",2024,"CONTRIBUTOR",FALSE
1662,"ivelasq","2024-07-05",2024,"CONTRIBUTOR",FALSE
1661,"shikokuchuo","2024-07-05",2024,"CONTRIBUTOR",FALSE
1664,"cgoo4","2024-07-13",2024,"CONTRIBUTOR",FALSE
1665,"davidrsch","2024-07-13",2024,"CONTRIBUTOR",FALSE
1663,"jmaspons","2024-07-13",2024,"CONTRIBUTOR",TRUE
1666,"pablobernabeu","2024-07-15",2024,"CONTRIBUTOR",FALSE
1667,"ivelasq","2024-07-20",2024,"CONTRIBUTOR",FALSE
1668,"jhk0530","2024-07-27",2024,"CONTRIBUTOR",TRUE
1669,"jonmcalder","2024-07-27",2024,"MEMBER",FALSE
1670,"jonmcalder","2024-07-27",2024,"MEMBER",FALSE
1671,"jonmcalder","2024-07-29",2024,"MEMBER",FALSE
1673,"jonocarroll","2024-08-01",2024,"MEMBER",FALSE
1675,"mikemahoney218","2024-08-02",2024,"CONTRIBUTOR",FALSE
1674,"ivelasq","2024-08-02",2024,"CONTRIBUTOR",FALSE
1672,"stephenturner","2024-08-03",2024,"CONTRIBUTOR",TRUE
1676,"JorisChau","2024-08-11",2024,"CONTRIBUTOR",FALSE
1677,"jonocarroll","2024-08-12",2024,"MEMBER",FALSE
1678,"stephenturner","2024-08-16",2024,"CONTRIBUTOR",FALSE
1679,"KittJonathan","2024-08-23",2024,"MEMBER",FALSE
1680,"ivelasq","2024-08-23",2024,"CONTRIBUTOR",FALSE
1681,"KittJonathan","2024-08-23",2024,"MEMBER",FALSE
1682,"ivelasq","2024-08-23",2024,"CONTRIBUTOR",FALSE
1693,"maelle","2024-08-31",2024,"CONTRIBUTOR",FALSE
1692,"KittJonathan","2024-08-31",2024,"MEMBER",FALSE
1691,"b-rodrigues","2024-08-31",2024,"CONTRIBUTOR",FALSE
1690,"Layalchristine24","2024-08-31",2024,"CONTRIBUTOR",FALSE
1689,"SGS2000","2024-08-31",2024,"CONTRIBUTOR",TRUE
1688,"jhelvy","2024-08-31",2024,"CONTRIBUTOR",FALSE
1687,"jcasman","2024-08-31",2024,"CONTRIBUTOR",TRUE
1686,"stephenturner","2024-08-31",2024,"CONTRIBUTOR",FALSE
1685,"KittJonathan","2024-08-31",2024,"MEMBER",FALSE
1694,"JosiahParry","2024-09-02",2024,"CONTRIBUTOR",FALSE
1695,"stephenturner","2024-09-08",2024,"CONTRIBUTOR",FALSE
1696,"ymansiaux","2024-09-08",2024,"CONTRIBUTOR",TRUE
1697,"ivelasq","2024-09-08",2024,"CONTRIBUTOR",FALSE
1698,"KittJonathan","2024-09-08",2024,"MEMBER",FALSE
1700,"Layalchristine24","2024-09-10",2024,"CONTRIBUTOR",FALSE
1699,"kgjerde","2024-09-10",2024,"CONTRIBUTOR",FALSE
1701,"stephenturner","2024-09-21",2024,"CONTRIBUTOR",FALSE
1702,"luisDVA","2024-09-21",2024,"CONTRIBUTOR",FALSE
1703,"jmaspons","2024-09-21",2024,"CONTRIBUTOR",FALSE
1704,"ivelasq","2024-09-21",2024,"CONTRIBUTOR",FALSE
1705,"jhelvy","2024-09-28",2024,"CONTRIBUTOR",FALSE
1706,"b-rodrigues","2024-09-28",2024,"CONTRIBUTOR",FALSE
1707,"etiennebacher","2024-09-29",2024,"CONTRIBUTOR",FALSE
1709,"etiennebacher","2024-10-04",2024,"CONTRIBUTOR",FALSE
1711,"maelle","2024-10-04",2024,"CONTRIBUTOR",FALSE
1712,"shikokuchuo","2024-10-12",2024,"CONTRIBUTOR",FALSE
1713,"cregouby","2024-10-12",2024,"CONTRIBUTOR",FALSE
1714,"bruceyyu","2024-10-12",2024,"CONTRIBUTOR",TRUE
1715,"rpahl","2024-10-12",2024,"CONTRIBUTOR",TRUE
1716,"shikokuchuo","2024-10-12",2024,"CONTRIBUTOR",FALSE
1721,"ymansiaux","2024-10-20",2024,"CONTRIBUTOR",FALSE
1723,"kbodwin","2024-10-20",2024,"MEMBER",FALSE
1724,"stephenturner","2024-10-20",2024,"CONTRIBUTOR",FALSE
1725,"jonocarroll","2024-10-21",2024,"MEMBER",FALSE
1717,"cutterkom","2024-10-26",2024,"CONTRIBUTOR",FALSE
1726,"stephenturner","2024-10-26",2024,"CONTRIBUTOR",FALSE
1727,"deanmarchiori","2024-10-26",2024,"CONTRIBUTOR",FALSE
1728,"ivelasq","2024-10-26",2024,"CONTRIBUTOR",FALSE
1729,"chainsawriot","2024-10-26",2024,"CONTRIBUTOR",FALSE
1718,"cutterkom","2024-10-26",2024,"CONTRIBUTOR",FALSE
1730,"Mkranj","2024-11-03",2024,"CONTRIBUTOR",TRUE
1731,"hturner","2024-11-03",2024,"CONTRIBUTOR",FALSE
1732,"ivelasq","2024-11-03",2024,"CONTRIBUTOR",FALSE
1733,"pat-s","2024-11-03",2024,"CONTRIBUTOR",FALSE
1734,"jonthegeek","2024-11-03",2024,"CONTRIBUTOR",FALSE
1735,"ivelasq","2024-11-03",2024,"CONTRIBUTOR",FALSE
1736,"aTnT","2024-11-11",2024,"CONTRIBUTOR",TRUE
1737,"andrewheiss","2024-11-11",2024,"CONTRIBUTOR",FALSE
1738,"ivelasq","2024-11-11",2024,"CONTRIBUTOR",FALSE
1740,"dgkeyes","2024-11-16",2024,"CONTRIBUTOR",FALSE
1741,"ymansiaux","2024-11-16",2024,"CONTRIBUTOR",FALSE
1742,"jmgirard","2024-11-16",2024,"CONTRIBUTOR",TRUE
1743,"JeffreyRStevens","2024-11-16",2024,"CONTRIBUTOR",FALSE
1744,"ivelasq","2024-11-16",2024,"CONTRIBUTOR",FALSE
1745,"jmaspons","2024-11-18",2024,"CONTRIBUTOR",FALSE
1746,"stephenturner","2024-11-25",2024,"CONTRIBUTOR",FALSE
1747,"jhk0530","2024-11-25",2024,"CONTRIBUTOR",FALSE
1748,"martinctc","2024-11-25",2024,"CONTRIBUTOR",FALSE
1751,"faridovski","2024-12-01",2024,"CONTRIBUTOR",TRUE
1752,"Jokasan","2024-12-01",2024,"CONTRIBUTOR",TRUE
1753,"jonocarroll","2024-12-02",2024,"MEMBER",FALSE
1755,"ivelasq","2024-12-04",2024,"CONTRIBUTOR",FALSE
1756,"ivelasq","2024-12-04",2024,"CONTRIBUTOR",FALSE
1757,"stephenturner","2024-12-13",2024,"CONTRIBUTOR",FALSE
1758,"Jokasan","2024-12-13",2024,"CONTRIBUTOR",FALSE
1761,"stephenturner","2024-12-20",2024,"CONTRIBUTOR",FALSE
1762,"martinctc","2025-01-12",2025,"CONTRIBUTOR",FALSE
1767,"conorotompkins","2025-01-12",2025,"CONTRIBUTOR",FALSE
1766,"kinto-b","2025-01-12",2025,"CONTRIBUTOR",FALSE
1765,"faridovski","2025-01-12",2025,"CONTRIBUTOR",FALSE
1764,"boiled-data","2025-01-12",2025,"CONTRIBUTOR",FALSE
1763,"stephenturner","2025-01-12",2025,"CONTRIBUTOR",FALSE
1768,"mthulin","2025-01-20",2025,"CONTRIBUTOR",TRUE
1770,"pat-s","2025-01-27",2025,"CONTRIBUTOR",FALSE
1771,"JeffreyRStevens","2025-01-27",2025,"CONTRIBUTOR",FALSE
1772,"hturner","2025-01-28",2025,"CONTRIBUTOR",FALSE
1773,"andrewheiss","2025-01-28",2025,"CONTRIBUTOR",FALSE
1774,"hturner","2025-01-31",2025,"CONTRIBUTOR",FALSE
1778,"shikokuchuo","2025-02-08",2025,"CONTRIBUTOR",FALSE
1777,"JeffreyRStevens","2025-02-08",2025,"CONTRIBUTOR",FALSE
1779,"jonocarroll","2025-02-10",2025,"MEMBER",FALSE
1782,"CharlesBordet","2025-02-14",2025,"CONTRIBUTOR",TRUE
1783,"maelle","2025-02-14",2025,"CONTRIBUTOR",FALSE
1784,"Jokasan","2025-02-14",2025,"CONTRIBUTOR",FALSE
1781,"conorotompkins","2025-02-14",2025,"CONTRIBUTOR",FALSE
1785,"jhk0530","2025-02-21",2025,"CONTRIBUTOR",FALSE
1786,"b-rodrigues","2025-02-21",2025,"CONTRIBUTOR",FALSE
1787,"b-rodrigues","2025-02-24",2025,"CONTRIBUTOR",FALSE
1789,"mhoehle","2025-02-24",2025,"CONTRIBUTOR",FALSE
1788,"mhoehle","2025-02-24",2025,"CONTRIBUTOR",FALSE
1791,"andrewheiss","2025-02-24",2025,"CONTRIBUTOR",FALSE
1790,"bschneidr","2025-02-24",2025,"CONTRIBUTOR",FALSE
1792,"christophscheuch","2025-03-01",2025,"CONTRIBUTOR",TRUE
1793,"HenningLorenzen-ext-bayer","2025-03-01",2025,"CONTRIBUTOR",FALSE
1794,"ivelasq","2025-03-01",2025,"CONTRIBUTOR",FALSE
1796,"hoxo-m","2025-03-16",2025,"CONTRIBUTOR",TRUE
1797,"jhelvy","2025-03-16",2025,"CONTRIBUTOR",FALSE
1799,"maelle","2025-03-26",2025,"CONTRIBUTOR",FALSE
1798,"maelle","2025-03-26",2025,"CONTRIBUTOR",FALSE
1800,"JosiahParry","2025-03-26",2025,"CONTRIBUTOR",FALSE
1801,"hturner","2025-03-26",2025,"CONTRIBUTOR",FALSE
1802,"b-rodrigues","2025-03-26",2025,"CONTRIBUTOR",FALSE
1803,"lilyclements","2025-03-26",2025,"CONTRIBUTOR",TRUE
1805,"paul-carteron","2025-03-29",2025,"CONTRIBUTOR",FALSE
1806,"jhk0530","2025-04-02",2025,"CONTRIBUTOR",FALSE
1807,"hturner","2025-04-02",2025,"CONTRIBUTOR",FALSE
1808,"RoryLawless","2025-04-03",2025,"CONTRIBUTOR",TRUE
1809,"chainsawriot","2025-04-05",2025,"CONTRIBUTOR",FALSE
1810,"maelle","2025-04-05",2025,"CONTRIBUTOR",FALSE
1811,"jonocarroll","2025-04-07",2025,"MEMBER",FALSE
1812,"jhelvy","2025-04-12",2025,"CONTRIBUTOR",FALSE
1813,"JorisChau","2025-04-12",2025,"CONTRIBUTOR",FALSE
1814,"jhelvy","2025-04-12",2025,"CONTRIBUTOR",FALSE
1815,"martinctc","2025-04-12",2025,"CONTRIBUTOR",FALSE
1816,"jmaspons","2025-04-18",2025,"CONTRIBUTOR",FALSE
1818,"kalimu","2025-04-18",2025,"CONTRIBUTOR",TRUE
1817,"cregouby","2025-04-25",2025,"CONTRIBUTOR",FALSE
1820,"ivelasq","2025-05-05",2025,"CONTRIBUTOR",FALSE
1821,"ymansiaux","2025-05-05",2025,"CONTRIBUTOR",FALSE
1822,"stephenturner","2025-05-10",2025,"CONTRIBUTOR",FALSE
1823,"kikoso","2025-05-10",2025,"CONTRIBUTOR",TRUE
1825,"maelle","2025-05-10",2025,"CONTRIBUTOR",FALSE
1826,"MikeJohnPage","2025-05-16",2025,"CONTRIBUTOR",TRUE
1827,"realHenningLorenzen","2025-05-16",2025,"CONTRIBUTOR",TRUE
1828,"b-rodrigues","2025-05-16",2025,"CONTRIBUTOR",FALSE
1829,"maelle","2025-05-16",2025,"CONTRIBUTOR",FALSE
1830,"stephenturner","2025-05-22",2025,"CONTRIBUTOR",FALSE
1831,"ymansiaux","2025-05-22",2025,"CONTRIBUTOR",FALSE
1833,"shikokuchuo","2025-05-29",2025,"CONTRIBUTOR",FALSE
1834,"etiennebacher","2025-05-29",2025,"CONTRIBUTOR",FALSE
1832,"Bisaloo","2025-05-29",2025,"CONTRIBUTOR",FALSE
1835,"ivelasq","2025-05-30",2025,"CONTRIBUTOR",FALSE
1836,"albersonmiranda","2025-05-30",2025,"CONTRIBUTOR",TRUE
1839,"jonocarroll","2025-06-02",2025,"MEMBER",FALSE
1840,"ivelasq","2025-06-07",2025,"CONTRIBUTOR",FALSE
1841,"sheitin","2025-06-07",2025,"CONTRIBUTOR",TRUE
1842,"etiennebacher","2025-06-07",2025,"CONTRIBUTOR",FALSE
1843,"stephenturner","2025-06-07",2025,"CONTRIBUTOR",FALSE
1844,"JosiahParry","2025-06-07",2025,"CONTRIBUTOR",FALSE
1846,"Jokasan","2025-06-07",2025,"CONTRIBUTOR",FALSE
1847,"jhk0530","2025-06-13",2025,"CONTRIBUTOR",FALSE
1852,"b-rodrigues","2025-06-21",2025,"CONTRIBUTOR",FALSE
1851,"CharlesBordet","2025-06-21",2025,"CONTRIBUTOR",FALSE
1850,"maelle","2025-06-21",2025,"CONTRIBUTOR",FALSE
1849,"maelle","2025-06-21",2025,"CONTRIBUTOR",FALSE
1853,"maelle","2025-06-29",2025,"CONTRIBUTOR",FALSE
1857,"shikokuchuo","2025-06-29",2025,"CONTRIBUTOR",FALSE
1856,"faridovski","2025-06-29",2025,"CONTRIBUTOR",FALSE
1855,"novica","2025-06-29",2025,"CONTRIBUTOR",FALSE
1854,"maelle","2025-06-29",2025,"CONTRIBUTOR",FALSE
1858,"Nowosad","2025-07-05",2025,"CONTRIBUTOR",FALSE
1859,"ivelasq","2025-07-05",2025,"CONTRIBUTOR",FALSE
1860,"ivelasq","2025-07-05",2025,"CONTRIBUTOR",FALSE
1863,"stephenturner","2025-07-18",2025,"CONTRIBUTOR",FALSE
1862,"ShiyuC","2025-07-18",2025,"CONTRIBUTOR",TRUE
1864,"etiennebacher","2025-07-21",2025,"CONTRIBUTOR",FALSE
1866,"kbodwin","2025-07-26",2025,"MEMBER",FALSE
1867,"etiennebacher","2025-07-26",2025,"CONTRIBUTOR",FALSE
1868,"nrennie","2025-07-28",2025,"CONTRIBUTOR",FALSE
1869,"jonocarroll","2025-07-28",2025,"MEMBER",FALSE
1870,"schochastics","2025-08-02",2025,"CONTRIBUTOR",FALSE
1871,"mcanouil","2025-08-02",2025,"CONTRIBUTOR",FALSE
1872,"emilyriederer","2025-08-02",2025,"CONTRIBUTOR",FALSE
1873,"matanhakim","2025-08-02",2025,"CONTRIBUTOR",FALSE
1874,"paul-carteron","2025-08-08",2025,"CONTRIBUTOR",FALSE
1875,"VisruthSK","2025-08-18",2025,"CONTRIBUTOR",TRUE
1876,"ashbaldry","2025-08-18",2025,"CONTRIBUTOR",FALSE
1877,"jmaspons","2025-08-18",2025,"CONTRIBUTOR",FALSE
1880,"maelle","2025-08-25",2025,"CONTRIBUTOR",FALSE
1878,"hughjonesd","2025-08-25",2025,"CONTRIBUTOR",FALSE
1881,"jmaspons","2025-08-26",2025,"CONTRIBUTOR",FALSE
1883,"jonocarroll","2025-08-29",2025,"MEMBER",FALSE
1882,"JosiahParry","2025-08-30",2025,"CONTRIBUTOR",FALSE
1884,"stephenturner","2025-08-30",2025,"CONTRIBUTOR",FALSE
1887,"shikokuchuo","2025-09-05",2025,"CONTRIBUTOR",FALSE
1886,"amart90","2025-09-06",2025,"CONTRIBUTOR",TRUE
1885,"ctoney","2025-09-06",2025,"CONTRIBUTOR",TRUE
1888,"talegari","2025-09-12",2025,"CONTRIBUTOR",TRUE
1897,"jonocarroll","2025-09-21",2025,"MEMBER",FALSE
1894,"daattali","2025-09-27",2025,"CONTRIBUTOR",FALSE
1896,"HenrikBengtsson","2025-09-27",2025,"CONTRIBUTOR",FALSE
1898,"ivelasq","2025-09-27",2025,"CONTRIBUTOR",FALSE
1899,"cgoo4","2025-09-27",2025,"CONTRIBUTOR",FALSE
1902,"realHenningLorenzen","2025-10-07",2025,"CONTRIBUTOR",FALSE
1901,"bschneidr","2025-10-10",2025,"CONTRIBUTOR",FALSE
1904,"s3rdia","2025-10-11",2025,"CONTRIBUTOR",TRUE
1903,"mlechon","2025-10-11",2025,"CONTRIBUTOR",TRUE
1905,"HenrikBengtsson","2025-10-11",2025,"CONTRIBUTOR",FALSE
1907,"stephenturner","2025-10-13",2025,"CONTRIBUTOR",FALSE
1912,"marcboschmatas","2025-10-22",2025,"CONTRIBUTOR",TRUE
1911,"wvictor14","2025-10-22",2025,"CONTRIBUTOR",TRUE
1910,"HenrikBengtsson","2025-10-22",2025,"CONTRIBUTOR",FALSE
1909,"ymansiaux","2025-10-22",2025,"CONTRIBUTOR",FALSE
1908,"jlacko","2025-10-22",2025,"CONTRIBUTOR",FALSE
1906,"hturner","2025-10-22",2025,"CONTRIBUTOR",FALSE
1913,"b-rodrigues","2025-11-01",2025,"CONTRIBUTOR",FALSE
1914,"StatsRhian","2025-11-01",2025,"CONTRIBUTOR",TRUE
1915,"hughjonesd","2025-11-01",2025,"CONTRIBUTOR",FALSE
1916,"gvelasq","2025-11-03",2025,"CONTRIBUTOR",FALSE
1918,"hughjonesd","2025-11-15",2025,"CONTRIBUTOR",FALSE
1919,"kbodwin","2025-11-15",2025,"MEMBER",FALSE
1921,"jonocarroll","2025-11-17",2025,"MEMBER",FALSE
1922,"serkor1","2025-11-18",2025,"CONTRIBUTOR",TRUE
1925,"etiennebacher","2025-11-22",2025,"CONTRIBUTOR",FALSE
1927,"StatsRhian","2025-11-22",2025,"CONTRIBUTOR",FALSE
1928,"StatsRhian","2025-11-22",2025,"CONTRIBUTOR",FALSE
1929,"hughjonesd","2025-11-22",2025,"CONTRIBUTOR",FALSE
1930,"CodingTigerTang","2025-11-22",2025,"CONTRIBUTOR",TRUE
1931,"ctoney","2025-11-22",2025,"CONTRIBUTOR",FALSE
1932,"s3rdia","2025-11-22",2025,"CONTRIBUTOR",FALSE
1934,"gvelasq","2025-12-05",2025,"CONTRIBUTOR",FALSE
1936,"simon-smart88","2025-12-05",2025,"CONTRIBUTOR",TRUE
1935,"hturner","2025-12-05",2025,"CONTRIBUTOR",FALSE
1933,"joshpersi","2025-12-05",2025,"CONTRIBUTOR",TRUE
1943,"maelle","2025-12-13",2025,"CONTRIBUTOR",FALSE
1942,"IsadoreNabi","2025-12-13",2025,"CONTRIBUTOR",TRUE
1940,"ddotta","2025-12-13",2025,"CONTRIBUTOR",FALSE
1938,"gvelasq","2025-12-13",2025,"CONTRIBUTOR",FALSE
1937,"gvelasq","2025-12-13",2025,"CONTRIBUTOR",FALSE
1944,"IsadoreNabi","2025-12-14",2025,"CONTRIBUTOR",FALSE
1945,"s3rdia","2025-12-15",2025,"CONTRIBUTOR",FALSE
1946,"adomingues","2025-12-21",2025,"CONTRIBUTOR",FALSE
1947,"joshwlivingston","2025-12-21",2025,"CONTRIBUTOR",TRUE
1950,"kylieainslie","2026-01-10",2026,"CONTRIBUTOR",TRUE
1951,"emilyriederer","2026-01-10",2026,"CONTRIBUTOR",FALSE
1952,"fgazzelloni","2026-01-17",2026,"CONTRIBUTOR",TRUE
1953,"s3rdia","2026-01-17",2026,"CONTRIBUTOR",FALSE
1954,"irismeredith","2026-01-17",2026,"CONTRIBUTOR",TRUE
1955,"b-rodrigues","2026-01-17",2026,"CONTRIBUTOR",FALSE
1956,"hturner","2026-01-23",2026,"CONTRIBUTOR",FALSE
1957,"JeffreyRStevens","2026-01-23",2026,"CONTRIBUTOR",FALSE
1958,"Jokasan","2026-01-23",2026,"CONTRIBUTOR",FALSE
1959,"Polymerase3","2026-01-23",2026,"CONTRIBUTOR",TRUE
1960,"martinezc1","2026-01-26",2026,"CONTRIBUTOR",TRUE
1961,"AntoineSoetewey","2026-01-31",2026,"CONTRIBUTOR",TRUE
1963,"stephenturner","2026-01-31",2026,"CONTRIBUTOR",FALSE
1964,"eitsupi","2026-01-31",2026,"CONTRIBUTOR",TRUE
1965,"jonocarroll","2026-02-02",2026,"MEMBER",FALSE
1966,"shikokuchuo","2026-02-07",2026,"CONTRIBUTOR",FALSE
1967,"etiennebacher","2026-02-07",2026,"CONTRIBUTOR",FALSE
1968,"etiennebacher","2026-02-07",2026,"CONTRIBUTOR",FALSE
1969,"iamYannC","2026-02-14",2026,"CONTRIBUTOR",FALSE
1970,"EllaKaye","2026-02-14",2026,"CONTRIBUTOR",FALSE
1971,"JeffreyRStevens","2026-02-14",2026,"CONTRIBUTOR",FALSE
1972,"s3rdia","2026-02-14",2026,"CONTRIBUTOR",FALSE
1974,"brendensm","2026-02-16",2026,"CONTRIBUTOR",FALSE
1973,"stephenturner","2026-02-16",2026,"CONTRIBUTOR",FALSE
1977,"matanhakim","2026-02-21",2026,"CONTRIBUTOR",FALSE
1976,"smach","2026-02-21",2026,"CONTRIBUTOR",TRUE
1975,"jmaspons","2026-02-21",2026,"CONTRIBUTOR",FALSE
1978,"stephenturner","2026-03-01",2026,"CONTRIBUTOR",FALSE
1979,"Statistcs","2026-03-01",2026,"CONTRIBUTOR",TRUE
1980,"dansmith01","2026-03-01",2026,"CONTRIBUTOR",TRUE
1981,"amart90","2026-03-06",2026,"CONTRIBUTOR",FALSE
1982,"nrennie","2026-03-06",2026,"CONTRIBUTOR",FALSE
1983,"maelle","2026-03-06",2026,"CONTRIBUTOR",FALSE
1984,"ivelasq","2026-03-14",2026,"CONTRIBUTOR",FALSE
1985,"sbudai","2026-03-14",2026,"CONTRIBUTOR",TRUE
1986,"jimbono4-cpu","2026-03-14",2026,"CONTRIBUTOR",TRUE
1987,"s3rdia","2026-03-14",2026,"CONTRIBUTOR",FALSE
1989,"njtalingting","2026-03-16",2026,"CONTRIBUTOR",TRUE
1988,"alfredo-hs","2026-03-16",2026,"CONTRIBUTOR",TRUE
1990,"njtalingting","2026-03-17",2026,"CONTRIBUTOR",FALSE
1991,"stephenturner","2026-03-28",2026,"CONTRIBUTOR",FALSE
1992,"iamYannC","2026-03-28",2026,"CONTRIBUTOR",FALSE
1993,"Yousa-Mirage","2026-03-28",2026,"CONTRIBUTOR",TRUE
1994,"etiennebacher","2026-03-28",2026,"CONTRIBUTOR",FALSE
1995,"hturner","2026-03-28",2026,"CONTRIBUTOR",FALSE
1996,"CodingTigerTang","2026-03-28",2026,"CONTRIBUTOR",FALSE
1997,"jonocarroll","2026-03-30",2026,"MEMBER",FALSE
2003,"conorotompkins","2026-04-12",2026,"CONTRIBUTOR",FALSE
2002,"conorotompkins","2026-04-12",2026,"CONTRIBUTOR",FALSE
2001,"Arnold-Kakas","2026-04-12",2026,"CONTRIBUTOR",TRUE
2000,"b-rodrigues","2026-04-12",2026,"CONTRIBUTOR",FALSE
1999,"alfredo-hs","2026-04-12",2026,"CONTRIBUTOR",FALSE
1998,"EydlinIlya","2026-04-12",2026,"CONTRIBUTOR",TRUE
2005,"hughjonesd","2026-04-21",2026,"CONTRIBUTOR",FALSE
2006,"andrewheiss","2026-04-21",2026,"CONTRIBUTOR",FALSE
2007,"CuiweiG","2026-04-21",2026,"CONTRIBUTOR",TRUE
2008,"brenwin1","2026-04-21",2026,"CONTRIBUTOR",TRUE
2009,"CuiweiG","2026-04-21",2026,"CONTRIBUTOR",FALSE
2010,"CuiweiG","2026-04-21",2026,"CONTRIBUTOR",FALSE
2011,"CuiweiG","2026-04-21",2026,"CONTRIBUTOR",FALSE
2012,"CuiweiG","2026-04-21",2026,"CONTRIBUTOR",FALSE
2013,"CuiweiG","2026-04-21",2026,"CONTRIBUTOR",FALSE
2014,"s3rdia","2026-04-21",2026,"CONTRIBUTOR",FALSE
2015,"CuiweiG","2026-04-21",2026,"CONTRIBUTOR",FALSE
2016,"CuiweiG","2026-04-21",2026,"CONTRIBUTOR",FALSE
2017,"CuiweiG","2026-04-21",2026,"CONTRIBUTOR",FALSE
2018,"CuiweiG","2026-04-21",2026,"CONTRIBUTOR",FALSE
2019,"s3rdia","2026-04-24",2026,"CONTRIBUTOR",FALSE
2020,"shikokuchuo","2026-04-24",2026,"CONTRIBUTOR",FALSE
2021,"mthomas-ketchbrook","2026-04-24",2026,"CONTRIBUTOR",FALSE
2022,"jeroen","2026-05-01",2026,"CONTRIBUTOR",TRUE
2023,"CodingTigerTang","2026-05-01",2026,"CONTRIBUTOR",FALSE
2024,"cregouby","2026-05-01",2026,"CONTRIBUTOR",FALSE
2025,"alfredo-hs","2026-05-01",2026,"CONTRIBUTOR",FALSE
2026,"mbanand","2026-05-01",2026,"CONTRIBUTOR",TRUE
2028,"shikokuchuo","2026-05-08",2026,"CONTRIBUTOR",FALSE
2029,"ivelasq","2026-05-08",2026,"CONTRIBUTOR",FALSE
2030,"s3rdia","2026-05-23",2026,"CONTRIBUTOR",FALSE
2032,"stephenturner","2026-05-23",2026,"CONTRIBUTOR",FALSE
2034,"davidkane9","2026-05-23",2026,"CONTRIBUTOR",FALSE
2035,"erwinlares","2026-05-23",2026,"CONTRIBUTOR",TRUE
2036,"nrennie","2026-05-23",2026,"CONTRIBUTOR",FALSE
2037,"hughjonesd","2026-05-23",2026,"CONTRIBUTOR",FALSE
2038,"ivelasq","2026-05-23",2026,"CONTRIBUTOR",FALSE
2039,"ivelasq","2026-05-23",2026,"CONTRIBUTOR",FALSE
2040,"jonocarroll","2026-05-25",2026,"MEMBER",FALSE
2041,"shikokuchuo","2026-05-29",2026,"CONTRIBUTOR",FALSE
2045,"BenWiseman","2026-06-06",2026,"CONTRIBUTOR",TRUE
2044,"shanlong-who","2026-06-06",2026,"CONTRIBUTOR",TRUE
2043,"shanlong-who","2026-06-06",2026,"CONTRIBUTOR",FALSE
2042,"mthomas-ketchbrook","2026-06-06",2026,"CONTRIBUTOR",FALSE
2047,"bastianolea","2026-06-12",2026,"CONTRIBUTOR",TRUE
2051,"BajczA475","2026-06-23",2026,"CONTRIBUTOR",TRUE
2057,"alfredo-hs","2026-06-27",2026,"CONTRIBUTOR",FALSE
2058,"matanhakim","2026-06-27",2026,"CONTRIBUTOR",FALSE
2053,"egeulgen","2026-06-27",2026,"CONTRIBUTOR",FALSE
2059,"jonocarroll","2026-06-29",2026,"MEMBER",FALSE
2060,"rCarto","2026-07-03",2026,"CONTRIBUTOR",FALSE
2062,"jeanpauphilet","2026-07-03",2026,"CONTRIBUTOR",TRUE
2064,"jonmcalder","2026-07-06",2026,"MEMBER",FALSE
2063,"jolars","2026-07-11",2026,"CONTRIBUTOR",TRUE
2069,"s3rdia","2026-07-19",2026,"CONTRIBUTOR",FALSE
2071,"alfredo-hs","2026-07-19",2026,"CONTRIBUTOR",FALSE
2073,"tidyecology","2026-07-19",2026,"CONTRIBUTOR",TRUE
2074,"asafichaki","2026-07-19",2026,"CONTRIBUTOR",TRUE
2068,"s3rdia","2026-07-24",2026,"CONTRIBUTOR",FALSE
2075,"wkumler","2026-08-01",2026,"CONTRIBUTOR",TRUE
2076,"luansheng","2026-08-01",2026,"NONE",TRUE
2077,"matanhakim","2026-08-01",2026,"CONTRIBUTOR",FALSE
2078,"ddotta","2026-08-01",2026,"CONTRIBUTOR",FALSE
2080,"jeroen","2026-08-03",2026,"CONTRIBUTOR",FALSE
2081,"chainsawriot","2026-08-03",2026,"CONTRIBUTOR",FALSE
2082,"XynthiaKavelaars","2026-08-08",2026,"CONTRIBUTOR",TRUE
2084,"nbafrank","2026-08-22",2026,"CONTRIBUTOR",TRUE
2083,"bioszen","2026-08-22",2026,"CONTRIBUTOR",TRUE
2088,"Bisaloo","2026-08-22",2026,"CONTRIBUTOR",FALSE
2086,"kpiwonski","2026-08-22",2026,"NONE",TRUE
2085,"JustSplash8501","2026-08-29",2026,"CONTRIBUTOR",TRUE
2089,"s3rdia","2026-08-29",2026,"CONTRIBUTOR",FALSE
2091,"VisruthSK","2026-08-29",2026,"CONTRIBUTOR",FALSE
2092,"asafichaki","2026-08-29",2026,"CONTRIBUTOR",FALSE
2093,"etiennebacher","2026-08-29",2026,"CONTRIBUTOR",FALSE
2094,"BjarkeHautop","2026-08-29",2026,"CONTRIBUTOR",TRUE
2095,"kollerma","2026-08-29",2026,"CONTRIBUTOR",TRUE
2097,"tenmeh","2026-08-29",2026,"CONTRIBUTOR",TRUE
2096,"wlandau","2026-08-30",2026,"CONTRIBUTOR",FALSE
